CREATE DATABASE  IF NOT EXISTS `call_a_cab` /*!40100 DEFAULT CHARACTER SET utf8mb4 COLLATE utf8mb4_0900_ai_ci */ /*!80016 DEFAULT ENCRYPTION='N' */;
USE `call_a_cab`;
-- MySQL dump 10.13  Distrib 8.0.32, for Win64 (x86_64)
--
-- Host: localhost    Database: call_a_cab
-- ------------------------------------------------------
-- Server version	8.0.32

/*!40101 SET @OLD_CHARACTER_SET_CLIENT=@@CHARACTER_SET_CLIENT */;
/*!40101 SET @OLD_CHARACTER_SET_RESULTS=@@CHARACTER_SET_RESULTS */;
/*!40101 SET @OLD_COLLATION_CONNECTION=@@COLLATION_CONNECTION */;
/*!50503 SET NAMES utf8 */;
/*!40103 SET @OLD_TIME_ZONE=@@TIME_ZONE */;
/*!40103 SET TIME_ZONE='+00:00' */;
/*!40014 SET @OLD_UNIQUE_CHECKS=@@UNIQUE_CHECKS, UNIQUE_CHECKS=0 */;
/*!40014 SET @OLD_FOREIGN_KEY_CHECKS=@@FOREIGN_KEY_CHECKS, FOREIGN_KEY_CHECKS=0 */;
/*!40101 SET @OLD_SQL_MODE=@@SQL_MODE, SQL_MODE='NO_AUTO_VALUE_ON_ZERO' */;
/*!40111 SET @OLD_SQL_NOTES=@@SQL_NOTES, SQL_NOTES=0 */;

--
-- Table structure for table `admin`
--

DROP TABLE IF EXISTS `admin`;

CREATE TABLE `admin` (
  `Admin_ID` int NOT NULL,
  `Admin_UserName` varchar(150) NOT NULL,
  `Admin_Password` varchar(150) NOT NULL,
  `Passenger_ID` int DEFAULT NULL,
  `Driver_ID` int DEFAULT NULL,
  `Request_ID` int DEFAULT NULL,
  `Ride_ID` int DEFAULT NULL,
  PRIMARY KEY (`Admin_ID`),
  KEY `Passenger_ID` (`Passenger_ID`),
  KEY `Driver_ID` (`Driver_ID`),
  KEY `Request_ID` (`Request_ID`),
  KEY `Ride_ID` (`Ride_ID`),
  CONSTRAINT `admin_ibfk_1` FOREIGN KEY (`Passenger_ID`) REFERENCES `passenger_account` (`Passenger_ID`),
  CONSTRAINT `admin_ibfk_2` FOREIGN KEY (`Driver_ID`) REFERENCES `driver` (`Driver_ID`),
  CONSTRAINT `admin_ibfk_3` FOREIGN KEY (`Request_ID`) REFERENCES `ride_request` (`Request_ID`),
  CONSTRAINT `admin_ibfk_4` FOREIGN KEY (`Ride_ID`) REFERENCES `ride` (`Ride_ID`)
) ENGINE=InnoDB DEFAULT CHARSET=utf8mb4 COLLATE=utf8mb4_0900_ai_ci;
INSERT INTO `admin` (`Admin_ID`, `Admin_UserName`, `Admin_Password`, `Passenger_ID`, `Driver_ID`, `Request_ID`, `Ride_ID`) VALUES (0, 'qui', 'sit', 3, 10000, 10693, 10124);
SELECT * FROM call_a_cab.admin;
--
-- Table structure for table `cab`
--

DROP TABLE IF EXISTS `cab`;

CREATE TABLE `cab` (
  `Cab_ID` int NOT NULL,
  `Model` varchar(150) NOT NULL,
  `License` varchar(150) NOT NULL,
  PRIMARY KEY (`Cab_ID`)
) ENGINE=InnoDB DEFAULT CHARSET=utf8mb4 COLLATE=utf8mb4_0900_ai_ci;
INSERT INTO `cab` (`Cab_ID`, `Model`, `License`) VALUES (1014, ' XL', '49 il');
INSERT INTO `cab` (`Cab_ID`, `Model`, `License`) VALUES (1050, ' Premier', '15 ma');
INSERT INTO `cab` (`Cab_ID`, `Model`, `License`) VALUES (1122, ' Premier', '66 vy');
INSERT INTO `cab` (`Cab_ID`, `Model`, `License`) VALUES (1276, ' XL', '47 pf');
INSERT INTO `cab` (`Cab_ID`, `Model`, `License`) VALUES (1513, ' XL', '82 rk');
INSERT INTO `cab` (`Cab_ID`, `Model`, `License`) VALUES (1604, ' Premier', '45 ao');
INSERT INTO `cab` (`Cab_ID`, `Model`, `License`) VALUES (1636, ' XL', '08 gs');
INSERT INTO `cab` (`Cab_ID`, `Model`, `License`) VALUES (1759, ' XL', '88 nm');
INSERT INTO `cab` (`Cab_ID`, `Model`, `License`) VALUES (1773, ' XL', '39 ta');
INSERT INTO `cab` (`Cab_ID`, `Model`, `License`) VALUES (1812, ' Premier', '91 cp');
INSERT INTO `cab` (`Cab_ID`, `Model`, `License`) VALUES (1815, 'Mini', '02 el');
INSERT INTO `cab` (`Cab_ID`, `Model`, `License`) VALUES (1890, ' XL', '76 jm');
INSERT INTO `cab` (`Cab_ID`, `Model`, `License`) VALUES (2080, 'Mini', '17 hb');
INSERT INTO `cab` (`Cab_ID`, `Model`, `License`) VALUES (2154, ' Premier', '08 yc');
INSERT INTO `cab` (`Cab_ID`, `Model`, `License`) VALUES (2255, ' Premier', '30 xa');
INSERT INTO `cab` (`Cab_ID`, `Model`, `License`) VALUES (2293, 'Mini', '20 ep');
INSERT INTO `cab` (`Cab_ID`, `Model`, `License`) VALUES (2383, ' Premier', '84 ee');
INSERT INTO `cab` (`Cab_ID`, `Model`, `License`) VALUES (2425, ' XL', '00 sd');
INSERT INTO `cab` (`Cab_ID`, `Model`, `License`) VALUES (2455, ' XL', '68 si');
INSERT INTO `cab` (`Cab_ID`, `Model`, `License`) VALUES (2478, ' Premier', '87 ka');
INSERT INTO `cab` (`Cab_ID`, `Model`, `License`) VALUES (2516, 'Mini', '97 yw');
INSERT INTO `cab` (`Cab_ID`, `Model`, `License`) VALUES (2579, ' Premier', '09 ha');
INSERT INTO `cab` (`Cab_ID`, `Model`, `License`) VALUES (2667, ' Premier', '68 bj');
INSERT INTO `cab` (`Cab_ID`, `Model`, `License`) VALUES (2739, ' XL', '18 oh');
INSERT INTO `cab` (`Cab_ID`, `Model`, `License`) VALUES (2758, ' Premier', '70 pu');
INSERT INTO `cab` (`Cab_ID`, `Model`, `License`) VALUES (2786, ' Premier', '65 ea');
INSERT INTO `cab` (`Cab_ID`, `Model`, `License`) VALUES (2805, ' Premier', '28 ei');
INSERT INTO `cab` (`Cab_ID`, `Model`, `License`) VALUES (2947, ' Premier', '61 hl');
INSERT INTO `cab` (`Cab_ID`, `Model`, `License`) VALUES (3061, ' Premier', '07 an');
INSERT INTO `cab` (`Cab_ID`, `Model`, `License`) VALUES (3085, 'Mini', '75 mr');
INSERT INTO `cab` (`Cab_ID`, `Model`, `License`) VALUES (3202, 'Mini', '26 ij');
INSERT INTO `cab` (`Cab_ID`, `Model`, `License`) VALUES (3206, 'Mini', '82 ox');
INSERT INTO `cab` (`Cab_ID`, `Model`, `License`) VALUES (3229, 'Mini', '98 oo');
INSERT INTO `cab` (`Cab_ID`, `Model`, `License`) VALUES (3375, ' Premier', '10 fl');
INSERT INTO `cab` (`Cab_ID`, `Model`, `License`) VALUES (3414, ' XL', '48 qp');
INSERT INTO `cab` (`Cab_ID`, `Model`, `License`) VALUES (3579, ' Premier', '97 do');
INSERT INTO `cab` (`Cab_ID`, `Model`, `License`) VALUES (3608, ' Premier', '48 ge');
INSERT INTO `cab` (`Cab_ID`, `Model`, `License`) VALUES (3632, ' Premier', '99 ia');
INSERT INTO `cab` (`Cab_ID`, `Model`, `License`) VALUES (3687, ' XL', '07 al');
INSERT INTO `cab` (`Cab_ID`, `Model`, `License`) VALUES (3867, ' XL', '71 ra');
INSERT INTO `cab` (`Cab_ID`, `Model`, `License`) VALUES (3949, ' XL', '27 ke');
INSERT INTO `cab` (`Cab_ID`, `Model`, `License`) VALUES (4175, ' Premier', '56 vq');
INSERT INTO `cab` (`Cab_ID`, `Model`, `License`) VALUES (4321, ' Premier', '06 jl');
INSERT INTO `cab` (`Cab_ID`, `Model`, `License`) VALUES (4364, ' Premier', '13 ej');
INSERT INTO `cab` (`Cab_ID`, `Model`, `License`) VALUES (4529, ' XL', '46 wd');
INSERT INTO `cab` (`Cab_ID`, `Model`, `License`) VALUES (4810, 'Mini', '06 oh');
INSERT INTO `cab` (`Cab_ID`, `Model`, `License`) VALUES (4886, ' XL', '91 ej');
INSERT INTO `cab` (`Cab_ID`, `Model`, `License`) VALUES (4918, ' XL', '27 kb');
INSERT INTO `cab` (`Cab_ID`, `Model`, `License`) VALUES (4932, ' Premier', '24 oa');
INSERT INTO `cab` (`Cab_ID`, `Model`, `License`) VALUES (5062, 'Mini', '74 ck');
INSERT INTO `cab` (`Cab_ID`, `Model`, `License`) VALUES (5158, 'Mini', '51 cr');
INSERT INTO `cab` (`Cab_ID`, `Model`, `License`) VALUES (5281, 'Mini', '71 fa');
INSERT INTO `cab` (`Cab_ID`, `Model`, `License`) VALUES (5404, ' Premier', '52 xs');
INSERT INTO `cab` (`Cab_ID`, `Model`, `License`) VALUES (5428, 'Mini', '74 lt');
INSERT INTO `cab` (`Cab_ID`, `Model`, `License`) VALUES (5475, 'Mini', '28 zu');
INSERT INTO `cab` (`Cab_ID`, `Model`, `License`) VALUES (5568, 'Mini', '66 sv');
INSERT INTO `cab` (`Cab_ID`, `Model`, `License`) VALUES (5624, ' XL', '72 dc');
INSERT INTO `cab` (`Cab_ID`, `Model`, `License`) VALUES (5636, 'Mini', '69 or');
INSERT INTO `cab` (`Cab_ID`, `Model`, `License`) VALUES (5637, 'Mini', '83 ik');
INSERT INTO `cab` (`Cab_ID`, `Model`, `License`) VALUES (5818, 'Mini', '25 aw');
INSERT INTO `cab` (`Cab_ID`, `Model`, `License`) VALUES (5950, 'Mini', '29 qd');
INSERT INTO `cab` (`Cab_ID`, `Model`, `License`) VALUES (5963, ' Premier', '22 dv');
INSERT INTO `cab` (`Cab_ID`, `Model`, `License`) VALUES (6262, ' XL', '41 bc');
INSERT INTO `cab` (`Cab_ID`, `Model`, `License`) VALUES (6265, 'Mini', '43 ey');
INSERT INTO `cab` (`Cab_ID`, `Model`, `License`) VALUES (6687, 'Mini', '02 sw');
INSERT INTO `cab` (`Cab_ID`, `Model`, `License`) VALUES (6725, ' Premier', '66 ke');
INSERT INTO `cab` (`Cab_ID`, `Model`, `License`) VALUES (7233, ' XL', '66 lg');
INSERT INTO `cab` (`Cab_ID`, `Model`, `License`) VALUES (7269, ' XL', '09 lm');
INSERT INTO `cab` (`Cab_ID`, `Model`, `License`) VALUES (7276, 'Mini', '91 vv');
INSERT INTO `cab` (`Cab_ID`, `Model`, `License`) VALUES (7342, ' XL', '33 be');
INSERT INTO `cab` (`Cab_ID`, `Model`, `License`) VALUES (7355, ' Premier', '46 bk');
INSERT INTO `cab` (`Cab_ID`, `Model`, `License`) VALUES (7402, ' Premier', '18 pm');
INSERT INTO `cab` (`Cab_ID`, `Model`, `License`) VALUES (7487, ' Premier', '81 hm');
INSERT INTO `cab` (`Cab_ID`, `Model`, `License`) VALUES (7549, 'Mini', '36 ft');
INSERT INTO `cab` (`Cab_ID`, `Model`, `License`) VALUES (7588, ' XL', '42 eb');
INSERT INTO `cab` (`Cab_ID`, `Model`, `License`) VALUES (7611, ' Premier', '00 po');
INSERT INTO `cab` (`Cab_ID`, `Model`, `License`) VALUES (7653, ' Premier', '56 sr');
INSERT INTO `cab` (`Cab_ID`, `Model`, `License`) VALUES (7759, ' Premier', '70 oe');
INSERT INTO `cab` (`Cab_ID`, `Model`, `License`) VALUES (8263, 'Mini', '88 mk');
INSERT INTO `cab` (`Cab_ID`, `Model`, `License`) VALUES (8383, ' Premier', '62 fv');
INSERT INTO `cab` (`Cab_ID`, `Model`, `License`) VALUES (8407, 'Mini', '75 wt');
INSERT INTO `cab` (`Cab_ID`, `Model`, `License`) VALUES (8468, 'Mini', '27 xw');
INSERT INTO `cab` (`Cab_ID`, `Model`, `License`) VALUES (8487, ' XL', '35 on');
INSERT INTO `cab` (`Cab_ID`, `Model`, `License`) VALUES (8773, ' Premier', '66 ej');
INSERT INTO `cab` (`Cab_ID`, `Model`, `License`) VALUES (8829, 'Mini', '46 jx');
INSERT INTO `cab` (`Cab_ID`, `Model`, `License`) VALUES (8859, ' XL', '53 ym');
INSERT INTO `cab` (`Cab_ID`, `Model`, `License`) VALUES (8885, 'Mini', '99 ul');
INSERT INTO `cab` (`Cab_ID`, `Model`, `License`) VALUES (8954, ' XL', '74 bk');
INSERT INTO `cab` (`Cab_ID`, `Model`, `License`) VALUES (9101, ' XL', '79 qq');
INSERT INTO `cab` (`Cab_ID`, `Model`, `License`) VALUES (9123, ' XL', '60 kf');
INSERT INTO `cab` (`Cab_ID`, `Model`, `License`) VALUES (9222, ' Premier', '46 tq');
INSERT INTO `cab` (`Cab_ID`, `Model`, `License`) VALUES (9251, 'Mini', '42 ut');
INSERT INTO `cab` (`Cab_ID`, `Model`, `License`) VALUES (9290, ' Premier', '73 xi');
INSERT INTO `cab` (`Cab_ID`, `Model`, `License`) VALUES (9362, ' XL', '50 os');
INSERT INTO `cab` (`Cab_ID`, `Model`, `License`) VALUES (9427, 'Mini', '04 is');
INSERT INTO `cab` (`Cab_ID`, `Model`, `License`) VALUES (9463, ' Premier', '87 ti');
INSERT INTO `cab` (`Cab_ID`, `Model`, `License`) VALUES (9633, ' Premier', '95 cl');
INSERT INTO `cab` (`Cab_ID`, `Model`, `License`) VALUES (9635, ' Premier', '60 gd');
INSERT INTO `cab` (`Cab_ID`, `Model`, `License`) VALUES (9899, 'Mini', '86 jv');
INSERT INTO `cab` (`Cab_ID`, `Model`, `License`) VALUES (9943, ' XL', '66 sp');
SELECT * FROM call_a_cab.cab;

--
-- Table structure for table `driver`
--

DROP TABLE IF EXISTS `driver`;

CREATE TABLE `driver` (
  `Driver_ID` int NOT NULL,
  `Mobile_No` int NOT NULL,
  `Rating` int DEFAULT NULL,
  `Status` varchar(150) NOT NULL,
  `Location` varchar(150) NOT NULL,
  PRIMARY KEY (`Driver_ID`)
) ENGINE=InnoDB DEFAULT CHARSET=utf8mb4 COLLATE=utf8mb4_0900_ai_ci;
INSERT INTO `driver` (`Driver_ID`, `Mobile_No`, `Rating`, `Status`, `Location`) VALUES (10000, 686506, 5, ' Available', '068 Bahringer Street Suite 273\nNew Omariview, GA');
INSERT INTO `driver` (`Driver_ID`, `Mobile_No`, `Rating`, `Status`, `Location`) VALUES (14306, 737019, 5, 'Busy', '792 Rosa Cliffs\nEmardville, AR');
INSERT INTO `driver` (`Driver_ID`, `Mobile_No`, `Rating`, `Status`, `Location`) VALUES (15135, 593842, 4, ' Available', '3551 Cronin Shore\nEast Bettye, SD');
INSERT INTO `driver` (`Driver_ID`, `Mobile_No`, `Rating`, `Status`, `Location`) VALUES (15840, 465489, 2, 'Busy', '007 Bins Creek\nPort Peyton, TX');
INSERT INTO `driver` (`Driver_ID`, `Mobile_No`, `Rating`, `Status`, `Location`) VALUES (17292, 765634, 4, 'Busy', '834 Vergie Oval Suite 267\nNew Nicklausburgh, ID');
INSERT INTO `driver` (`Driver_ID`, `Mobile_No`, `Rating`, `Status`, `Location`) VALUES (17456, 286913, 2, 'Busy', '855 Yessenia Island Suite 376\nKerlukefurt, NC');
INSERT INTO `driver` (`Driver_ID`, `Mobile_No`, `Rating`, `Status`, `Location`) VALUES (18233, 405734, 4, ' Available', '91942 Kasey Ports\nPort Tracymouth, NM');
INSERT INTO `driver` (`Driver_ID`, `Mobile_No`, `Rating`, `Status`, `Location`) VALUES (20486, 194813, 2, 'Busy', '743 Sibyl Shores Suite 297\nLoybury, DC');
INSERT INTO `driver` (`Driver_ID`, `Mobile_No`, `Rating`, `Status`, `Location`) VALUES (20849, 767022, 3, 'Busy', '1416 Terry Forge\nLake Kailyn, AZ');
INSERT INTO `driver` (`Driver_ID`, `Mobile_No`, `Rating`, `Status`, `Location`) VALUES (23437, 717289, 1, ' Available', '849 Raymond Mall Suite 802\nEast Meredithchester, PA');
INSERT INTO `driver` (`Driver_ID`, `Mobile_No`, `Rating`, `Status`, `Location`) VALUES (23946, 543290, 4, 'Busy', '2618 Jacques Fields\nTrompstad, DC');
INSERT INTO `driver` (`Driver_ID`, `Mobile_No`, `Rating`, `Status`, `Location`) VALUES (24416, 727472, 1, 'Busy', '216 Violet Stream\nEffertzfort, DC');
INSERT INTO `driver` (`Driver_ID`, `Mobile_No`, `Rating`, `Status`, `Location`) VALUES (25024, 823571, 5, ' Available', '08000 Justus Union Apt. 833\nRyantown, NJ');
INSERT INTO `driver` (`Driver_ID`, `Mobile_No`, `Rating`, `Status`, `Location`) VALUES (28977, 531930, 1, ' Available', '4795 Rhett Mountain\nArnulfoton, AR');
INSERT INTO `driver` (`Driver_ID`, `Mobile_No`, `Rating`, `Status`, `Location`) VALUES (29034, 199830, 5, ' Available', '5127 Watsica Forest Suite 414\nSouth Kennithstad, FL');
INSERT INTO `driver` (`Driver_ID`, `Mobile_No`, `Rating`, `Status`, `Location`) VALUES (31607, 763994, 2, ' Available', '878 Durgan Curve Apt. 205\nEast Corneliuston, WV');
INSERT INTO `driver` (`Driver_ID`, `Mobile_No`, `Rating`, `Status`, `Location`) VALUES (31958, 713545, 0, 'Busy', '36234 Olga Stream Suite 017\nWest Elissamouth, MA');
INSERT INTO `driver` (`Driver_ID`, `Mobile_No`, `Rating`, `Status`, `Location`) VALUES (32882, 646131, 5, 'Busy', '713 Jordy Canyon Apt. 693\nEast Bonnie, IN');
INSERT INTO `driver` (`Driver_ID`, `Mobile_No`, `Rating`, `Status`, `Location`) VALUES (33299, 587894, 3, ' Available', '70896 Moen Spring Suite 600\nNorth Abigaleview, CO');
INSERT INTO `driver` (`Driver_ID`, `Mobile_No`, `Rating`, `Status`, `Location`) VALUES (33583, 156887, 2, ' Available', '96830 Lavon Mountains Apt. 123\nKundeton, CT');
INSERT INTO `driver` (`Driver_ID`, `Mobile_No`, `Rating`, `Status`, `Location`) VALUES (34518, 291566, 4, 'Busy', '48088 Braun Loop Suite 565\nMatteoland, RI');
INSERT INTO `driver` (`Driver_ID`, `Mobile_No`, `Rating`, `Status`, `Location`) VALUES (36461, 338814, 5, ' Available', '76795 Strosin Greens\nAbbottmouth, OH');
INSERT INTO `driver` (`Driver_ID`, `Mobile_No`, `Rating`, `Status`, `Location`) VALUES (36668, 586472, 0, ' Available', '5271 Malvina Lodge\nTremblayburgh, NE');
INSERT INTO `driver` (`Driver_ID`, `Mobile_No`, `Rating`, `Status`, `Location`) VALUES (37018, 852065, 5, ' Available', '8481 White Village Suite 823\nAdityaberg, OK');
INSERT INTO `driver` (`Driver_ID`, `Mobile_No`, `Rating`, `Status`, `Location`) VALUES (37528, 690961, 2, 'Busy', '76544 Larson Summit Apt. 808\nSeamusside, DC');
INSERT INTO `driver` (`Driver_ID`, `Mobile_No`, `Rating`, `Status`, `Location`) VALUES (38230, 354373, 3, ' Available', '419 Taylor Terrace Suite 857\nSchimmelfort, MT');
INSERT INTO `driver` (`Driver_ID`, `Mobile_No`, `Rating`, `Status`, `Location`) VALUES (38510, 603187, 1, ' Available', '63971 Citlalli Vista Suite 467\nEast Vivien, TX');
INSERT INTO `driver` (`Driver_ID`, `Mobile_No`, `Rating`, `Status`, `Location`) VALUES (39259, 548462, 2, 'Busy', '5107 Jenkins Ville Suite 240\nGoodwinville, KY');
INSERT INTO `driver` (`Driver_ID`, `Mobile_No`, `Rating`, `Status`, `Location`) VALUES (39798, 377211, 4, ' Available', '904 Smith Expressway Apt. 795\nEast Karley, TN');
INSERT INTO `driver` (`Driver_ID`, `Mobile_No`, `Rating`, `Status`, `Location`) VALUES (41490, 732946, 2, 'Busy', '5973 Durgan Rue\nDestineyview, WY');
INSERT INTO `driver` (`Driver_ID`, `Mobile_No`, `Rating`, `Status`, `Location`) VALUES (44654, 564516, 5, 'Busy', '1576 Shyann Freeway Apt. 660\nCristtown, VT');
INSERT INTO `driver` (`Driver_ID`, `Mobile_No`, `Rating`, `Status`, `Location`) VALUES (45943, 113658, 2, ' Available', '1857 Haley Dale\nLake Maximilliashire, CO');
INSERT INTO `driver` (`Driver_ID`, `Mobile_No`, `Rating`, `Status`, `Location`) VALUES (46026, 414337, 4, 'Busy', '8036 Katarina Mountain Suite 253\nWest Wymanton, PA');
INSERT INTO `driver` (`Driver_ID`, `Mobile_No`, `Rating`, `Status`, `Location`) VALUES (46234, 332860, 3, ' Available', '46786 Kling Wells Apt. 204\nMertzmouth, FL');
INSERT INTO `driver` (`Driver_ID`, `Mobile_No`, `Rating`, `Status`, `Location`) VALUES (46525, 343958, 0, 'Busy', '823 Gardner Light Suite 095\nLake Rutheburgh, WA');
INSERT INTO `driver` (`Driver_ID`, `Mobile_No`, `Rating`, `Status`, `Location`) VALUES (46636, 210704, 3, ' Available', '3382 Charley Extension Suite 265\nAhmadchester, VT');
INSERT INTO `driver` (`Driver_ID`, `Mobile_No`, `Rating`, `Status`, `Location`) VALUES (46783, 897185, 1, 'Busy', '131 Electa Corners\nBayerberg, IN');
INSERT INTO `driver` (`Driver_ID`, `Mobile_No`, `Rating`, `Status`, `Location`) VALUES (47980, 147104, 1, ' Available', '31227 Easton Crescent Suite 360\nLake Lowell, NY');
INSERT INTO `driver` (`Driver_ID`, `Mobile_No`, `Rating`, `Status`, `Location`) VALUES (48477, 190847, 5, 'Busy', '27170 Dibbert Tunnel\nRolfsonport, OK');
INSERT INTO `driver` (`Driver_ID`, `Mobile_No`, `Rating`, `Status`, `Location`) VALUES (48597, 504868, 0, ' Available', '1246 O\'Reilly Harbor Apt. 782\nSouth Woodrow, CA');
INSERT INTO `driver` (`Driver_ID`, `Mobile_No`, `Rating`, `Status`, `Location`) VALUES (48660, 551091, 4, 'Busy', '88891 Champlin Crossing\nSouth Erniefurt, VT');
INSERT INTO `driver` (`Driver_ID`, `Mobile_No`, `Rating`, `Status`, `Location`) VALUES (48698, 133256, 3, ' Available', '911 O\'Reilly Lock Suite 242\nWest Karen, WI');
INSERT INTO `driver` (`Driver_ID`, `Mobile_No`, `Rating`, `Status`, `Location`) VALUES (49684, 355308, 3, 'Busy', '554 Stracke View Suite 519\nEast Joanne, CO');
INSERT INTO `driver` (`Driver_ID`, `Mobile_No`, `Rating`, `Status`, `Location`) VALUES (49690, 955190, 0, 'Busy', '2944 Wiza Prairie\nSouth Adelahaven, ID');
INSERT INTO `driver` (`Driver_ID`, `Mobile_No`, `Rating`, `Status`, `Location`) VALUES (52246, 667069, 3, ' Available', '923 Hassan Track Suite 049\nLangworthton, NM');
INSERT INTO `driver` (`Driver_ID`, `Mobile_No`, `Rating`, `Status`, `Location`) VALUES (52722, 662579, 3, ' Available', '4073 Payton Union Suite 917\nEast Diamondville, RI');
INSERT INTO `driver` (`Driver_ID`, `Mobile_No`, `Rating`, `Status`, `Location`) VALUES (53031, 396828, 2, 'Busy', '00930 Daniel Islands Suite 818\nFeilbury, ND');
INSERT INTO `driver` (`Driver_ID`, `Mobile_No`, `Rating`, `Status`, `Location`) VALUES (53313, 550903, 2, 'Busy', '549 Block Fields\nEast Mertie, SC');
INSERT INTO `driver` (`Driver_ID`, `Mobile_No`, `Rating`, `Status`, `Location`) VALUES (53672, 478138, 3, ' Available', '682 Heidi Mountain\nPort Chrisfort, NY');
INSERT INTO `driver` (`Driver_ID`, `Mobile_No`, `Rating`, `Status`, `Location`) VALUES (54019, 498847, 2, ' Available', '559 Mara Hollow\nEast Beryltown, CO');
INSERT INTO `driver` (`Driver_ID`, `Mobile_No`, `Rating`, `Status`, `Location`) VALUES (55191, 301243, 3, ' Available', '114 Marlee Forges Suite 786\nPort Frederic, RI');
INSERT INTO `driver` (`Driver_ID`, `Mobile_No`, `Rating`, `Status`, `Location`) VALUES (56212, 199798, 4, 'Busy', '2141 Jast Row\nNatashafort, ME');
INSERT INTO `driver` (`Driver_ID`, `Mobile_No`, `Rating`, `Status`, `Location`) VALUES (58168, 161312, 1, 'Busy', '4119 Friesen Motorway Apt. 263\nPort Skyemouth, TX');
INSERT INTO `driver` (`Driver_ID`, `Mobile_No`, `Rating`, `Status`, `Location`) VALUES (58525, 684850, 2, ' Available', '68671 Abshire River Apt. 277\nLake Meredithchester, VT');
INSERT INTO `driver` (`Driver_ID`, `Mobile_No`, `Rating`, `Status`, `Location`) VALUES (58709, 866718, 5, ' Available', '0551 Earnest Bridge Apt. 870\nNew Antwan, NY');
INSERT INTO `driver` (`Driver_ID`, `Mobile_No`, `Rating`, `Status`, `Location`) VALUES (58958, 635003, 3, 'Busy', '363 Grimes Divide\nPort Julietside, VA');
INSERT INTO `driver` (`Driver_ID`, `Mobile_No`, `Rating`, `Status`, `Location`) VALUES (59547, 560183, 4, 'Busy', '98581 Regan Junctions Suite 289\nPricefurt, DC');
INSERT INTO `driver` (`Driver_ID`, `Mobile_No`, `Rating`, `Status`, `Location`) VALUES (60885, 436113, 4, 'Busy', '950 Sauer Mall\nEast Elody, NM');
INSERT INTO `driver` (`Driver_ID`, `Mobile_No`, `Rating`, `Status`, `Location`) VALUES (61775, 862130, 1, ' Available', '20632 Tina Shoals\nNew Carmelo, SD');
INSERT INTO `driver` (`Driver_ID`, `Mobile_No`, `Rating`, `Status`, `Location`) VALUES (62532, 398672, 2, ' Available', '443 Howell Ranch\nTremblayville, WI');
INSERT INTO `driver` (`Driver_ID`, `Mobile_No`, `Rating`, `Status`, `Location`) VALUES (63892, 282466, 3, ' Available', '19052 Jacobs Estates Apt. 073\nPort Maximo, NH');
INSERT INTO `driver` (`Driver_ID`, `Mobile_No`, `Rating`, `Status`, `Location`) VALUES (63904, 917751, 4, 'Busy', '148 Marlin Mills\nNorth Jessikatown, MS');
INSERT INTO `driver` (`Driver_ID`, `Mobile_No`, `Rating`, `Status`, `Location`) VALUES (65035, 976929, 4, ' Available', '44679 Iliana Knolls Suite 373\nLake Cletachester, NV');
INSERT INTO `driver` (`Driver_ID`, `Mobile_No`, `Rating`, `Status`, `Location`) VALUES (66114, 657819, 4, 'Busy', '423 Bonita Shore\nSchowalterside, PA');
INSERT INTO `driver` (`Driver_ID`, `Mobile_No`, `Rating`, `Status`, `Location`) VALUES (67680, 162117, 4, ' Available', '959 Shad Pass Apt. 436\nDallasstad, CA');
INSERT INTO `driver` (`Driver_ID`, `Mobile_No`, `Rating`, `Status`, `Location`) VALUES (69100, 174478, 2, 'Busy', '493 Elaina Plains Apt. 850\nPort Ocieburgh, NJ');
INSERT INTO `driver` (`Driver_ID`, `Mobile_No`, `Rating`, `Status`, `Location`) VALUES (70099, 537010, 4, 'Busy', '299 Dandre Isle\nEast Odessaberg, WA');
INSERT INTO `driver` (`Driver_ID`, `Mobile_No`, `Rating`, `Status`, `Location`) VALUES (70255, 180993, 4, 'Busy', '21439 Schulist Mews\nWest Jena, DC');
INSERT INTO `driver` (`Driver_ID`, `Mobile_No`, `Rating`, `Status`, `Location`) VALUES (71006, 675326, 3, ' Available', '0034 Ibrahim Trail Apt. 965\nSouth Shyannton, MO');
INSERT INTO `driver` (`Driver_ID`, `Mobile_No`, `Rating`, `Status`, `Location`) VALUES (71975, 944190, 1, ' Available', '180 Kaylee Fork Apt. 865\nKochview, AR');
INSERT INTO `driver` (`Driver_ID`, `Mobile_No`, `Rating`, `Status`, `Location`) VALUES (71998, 839437, 3, ' Available', '88189 Carter Lock Apt. 320\nPort Isabelmouth, AL');
INSERT INTO `driver` (`Driver_ID`, `Mobile_No`, `Rating`, `Status`, `Location`) VALUES (72692, 885985, 3, ' Available', '4750 Kovacek Mall Apt. 460\nDejaside, CT');
INSERT INTO `driver` (`Driver_ID`, `Mobile_No`, `Rating`, `Status`, `Location`) VALUES (73231, 349952, 3, ' Available', '02591 Beau Ports Suite 686\nNew Julie, CO');
INSERT INTO `driver` (`Driver_ID`, `Mobile_No`, `Rating`, `Status`, `Location`) VALUES (73579, 874920, 3, 'Busy', '11359 Breitenberg Island\nJanatown, MN');
INSERT INTO `driver` (`Driver_ID`, `Mobile_No`, `Rating`, `Status`, `Location`) VALUES (75861, 598275, 1, ' Available', '52039 Runolfsson Mills\nGretchenmouth, WI');
INSERT INTO `driver` (`Driver_ID`, `Mobile_No`, `Rating`, `Status`, `Location`) VALUES (78148, 678930, 4, ' Available', '4894 Gusikowski Causeway Apt. 809\nNew Brant, WV');
INSERT INTO `driver` (`Driver_ID`, `Mobile_No`, `Rating`, `Status`, `Location`) VALUES (78189, 924259, 0, ' Available', '1103 Considine Corner Apt. 029\nMaeberg, MN');
INSERT INTO `driver` (`Driver_ID`, `Mobile_No`, `Rating`, `Status`, `Location`) VALUES (81188, 651992, 2, ' Available', '558 Raymond Alley\nEichmanntown, WV');
INSERT INTO `driver` (`Driver_ID`, `Mobile_No`, `Rating`, `Status`, `Location`) VALUES (82850, 806199, 3, ' Available', '31742 Camron Knolls Suite 159\nSouth Melynaville, SD');
INSERT INTO `driver` (`Driver_ID`, `Mobile_No`, `Rating`, `Status`, `Location`) VALUES (83076, 513528, 5, 'Busy', '7002 Yadira Underpass\nNew Jamarcushaven, MT');
INSERT INTO `driver` (`Driver_ID`, `Mobile_No`, `Rating`, `Status`, `Location`) VALUES (83526, 664764, 0, 'Busy', '173 Cara Path Apt. 062\nKirlinberg, CT');
INSERT INTO `driver` (`Driver_ID`, `Mobile_No`, `Rating`, `Status`, `Location`) VALUES (85780, 419356, 1, 'Busy', '96972 Ritchie Curve\nSouth Terrellton, AZ');
INSERT INTO `driver` (`Driver_ID`, `Mobile_No`, `Rating`, `Status`, `Location`) VALUES (85799, 623548, 4, ' Available', '8381 Moen Mission Suite 538\nMaggiefort, TX');
INSERT INTO `driver` (`Driver_ID`, `Mobile_No`, `Rating`, `Status`, `Location`) VALUES (86949, 282083, 3, ' Available', '69935 Hilma Club Suite 768\nSimonisshire, OH');
INSERT INTO `driver` (`Driver_ID`, `Mobile_No`, `Rating`, `Status`, `Location`) VALUES (89326, 868634, 1, ' Available', '9145 Bosco Loaf Apt. 667\nWest Floridahaven, OH');
INSERT INTO `driver` (`Driver_ID`, `Mobile_No`, `Rating`, `Status`, `Location`) VALUES (89564, 210809, 1, ' Available', '04741 Wilhelm Corner\nHermannmouth, WI');
INSERT INTO `driver` (`Driver_ID`, `Mobile_No`, `Rating`, `Status`, `Location`) VALUES (90156, 828630, 3, ' Available', '10432 Amari Estate Apt. 470\nNorth Kassandra, IN');
INSERT INTO `driver` (`Driver_ID`, `Mobile_No`, `Rating`, `Status`, `Location`) VALUES (90811, 153213, 2, 'Busy', '504 Norval Falls\nColinview, MS');
INSERT INTO `driver` (`Driver_ID`, `Mobile_No`, `Rating`, `Status`, `Location`) VALUES (92328, 621017, 3, ' Available', '5621 Isom Road\nBrownstad, VT');
INSERT INTO `driver` (`Driver_ID`, `Mobile_No`, `Rating`, `Status`, `Location`) VALUES (92456, 863020, 3, ' Available', '1391 Koss Row\nKrajcikton, LA');
INSERT INTO `driver` (`Driver_ID`, `Mobile_No`, `Rating`, `Status`, `Location`) VALUES (93870, 736434, 3, 'Busy', '3899 Emmie Coves Suite 881\nEast Claudeport, LA');
INSERT INTO `driver` (`Driver_ID`, `Mobile_No`, `Rating`, `Status`, `Location`) VALUES (94190, 331083, 2, 'Busy', '71635 Cordia Pike Apt. 044\nPort Octaviaview, NH');
INSERT INTO `driver` (`Driver_ID`, `Mobile_No`, `Rating`, `Status`, `Location`) VALUES (94514, 922767, 3, 'Busy', '0317 Reginald Loop\nSouth Marianton, UT');
INSERT INTO `driver` (`Driver_ID`, `Mobile_No`, `Rating`, `Status`, `Location`) VALUES (94857, 251122, 4, ' Available', '080 Miller Port Suite 137\nWest Geovannimouth, SC');
INSERT INTO `driver` (`Driver_ID`, `Mobile_No`, `Rating`, `Status`, `Location`) VALUES (95463, 669152, 2, 'Busy', '8777 Whitney Overpass\nNew Melodyhaven, MA');
INSERT INTO `driver` (`Driver_ID`, `Mobile_No`, `Rating`, `Status`, `Location`) VALUES (96024, 576820, 4, 'Busy', '737 Wolff Plains Apt. 296\nPort Queenie, NC');
INSERT INTO `driver` (`Driver_ID`, `Mobile_No`, `Rating`, `Status`, `Location`) VALUES (96141, 854636, 4, ' Available', '5087 Rippin Mall Suite 465\nSouth Garfieldtown, CT');
INSERT INTO `driver` (`Driver_ID`, `Mobile_No`, `Rating`, `Status`, `Location`) VALUES (96209, 128043, 1, ' Available', '83886 Vinnie Trail Suite 619\nRansomburgh, GA');
INSERT INTO `driver` (`Driver_ID`, `Mobile_No`, `Rating`, `Status`, `Location`) VALUES (98916, 632697, 1, 'Busy', '82673 O\'Connell Island Suite 889\nBrandynstad, MS');
INSERT INTO `driver` (`Driver_ID`, `Mobile_No`, `Rating`, `Status`, `Location`) VALUES (99680, 275336, 3, 'Busy', '670 Jaunita Ferry Suite 935\nBoyerport, GA');

-- ALTER TABLE driver RENAME COLUMN Location to Driver_Location;

SELECT * FROM call_a_cab.driver;

--
-- Table structure for table `passenger_account`
--

DROP TABLE IF EXISTS `passenger_account`;

CREATE TABLE `passenger_account` (
  `Passenger_ID` int NOT NULL,
  `Email` varchar(150) NOT NULL,
  `Password` varchar(150) NOT NULL,
  `Name` varchar(150) NOT NULL,
  `Location` varchar(150) NOT NULL,
  PRIMARY KEY (`Passenger_ID`)
) ENGINE=InnoDB DEFAULT CHARSET=utf8mb4 COLLATE=utf8mb4_0900_ai_ci;
INSERT INTO `passenger_account` (`Passenger_ID`, `Email`, `Password`, `Name`, `Location`) VALUES (3, 'lamar.mclaughlin@example.net', 'b6b8b2b65426e26508b41c880914580d', 'Sebastian Langworth', '565 Mac Street Apt. 844\nSouth Alexieton, WY');
INSERT INTO `passenger_account` (`Passenger_ID`, `Email`, `Password`, `Name`, `Location`) VALUES (17, 'domenic.rohan@example.com', '5b630d4747684b6e7f9ae0fce53c9bd6', 'Kiley Emmerich', '4946 Jalyn Port Suite 292\nParkermouth, MT');
INSERT INTO `passenger_account` (`Passenger_ID`, `Email`, `Password`, `Name`, `Location`) VALUES (26, 'pacocha.shea@example.net', '7f996240b227e1bde79ae0abe78536bb', 'Antoinette Bosco', '308 Etha Trail\nSouth Lysanneton, DC');
INSERT INTO `passenger_account` (`Passenger_ID`, `Email`, `Password`, `Name`, `Location`) VALUES (27, 'fanny53@example.net', 'c59a63ae92e3c575a261be2ebd62d124', 'Perry Littel', '98339 Adella Mount Suite 633\nKaitlynborough, NM');
INSERT INTO `passenger_account` (`Passenger_ID`, `Email`, `Password`, `Name`, `Location`) VALUES (30, 'daniel.greyson@example.com', 'bd14b8dd04ab0b4103d2418481e2d355', 'Cortney Wehner DVM', '373 Steuber Land Suite 728\nSouth Kurtis, WI');
INSERT INTO `passenger_account` (`Passenger_ID`, `Email`, `Password`, `Name`, `Location`) VALUES (35, 'filiberto51@example.org', '7eab457ee05bd3e3d63e74e600a5c190', 'Kiarra Spinka', '52965 Kerluke Extensions\nHeberfort, AZ');
INSERT INTO `passenger_account` (`Passenger_ID`, `Email`, `Password`, `Name`, `Location`) VALUES (47, 'schinner.krystal@example.org', '4bd01b2de3b9dcdc7eddda45d8a59f76', 'Christina Bosco', '80126 Demario Overpass\nBerryland, AR');
INSERT INTO `passenger_account` (`Passenger_ID`, `Email`, `Password`, `Name`, `Location`) VALUES (76, 'chettinger@example.com', '8c4738b560eb30666bcbe33b0e80dd09', 'Makayla Krajcik DVM', '41414 Eric Road Suite 917\nKoeppville, WY');
INSERT INTO `passenger_account` (`Passenger_ID`, `Email`, `Password`, `Name`, `Location`) VALUES (81, 'pmoen@example.com', '345f4063a4e10c124b431649212fa852', 'Otis Heller', '9460 Johnson Well\nJacobsonview, LA');
INSERT INTO `passenger_account` (`Passenger_ID`, `Email`, `Password`, `Name`, `Location`) VALUES (85, 'hpredovic@example.com', '96435f313959ad911271d46e87bc75aa', 'Hank Towne Sr.', '406 Gleason Mountains\nPort Adrielmouth, SD');
INSERT INTO `passenger_account` (`Passenger_ID`, `Email`, `Password`, `Name`, `Location`) VALUES (93, 'collin12@example.net', '8a48a4801fc125d46b09e19ab095af16', 'Miss Hallie Wuckert', '7097 Dorian Circle\nLeschfort, IA');
INSERT INTO `passenger_account` (`Passenger_ID`, `Email`, `Password`, `Name`, `Location`) VALUES (98, 'nvolkman@example.org', '51cfea564e2a1488c91f6b9f089430e3', 'Rex Torphy', '773 Paula Fords Apt. 644\nSouth Mauricioville, MA');
INSERT INTO `passenger_account` (`Passenger_ID`, `Email`, `Password`, `Name`, `Location`) VALUES (99, 'gerard.mcclure@example.org', 'd5ab8f560f869f534c6814615fb40c2c', 'Samantha Wiegand', '36471 Wolff Lake\nLake Saul, PA');
INSERT INTO `passenger_account` (`Passenger_ID`, `Email`, `Password`, `Name`, `Location`) VALUES (127, 'larkin.pink@example.com', 'c56c5483e4bf76d9775d724eba5f876f', 'Ms. Britney Padberg II', '556 Meghan Port Apt. 589\nEast Deltaborough, RI');
INSERT INTO `passenger_account` (`Passenger_ID`, `Email`, `Password`, `Name`, `Location`) VALUES (128, 'crooks.isom@example.com', '48e1abaa55013200d429b83383e6ec68', 'Erika Rowe', '427 Sabryna Mount Apt. 714\nLoniefurt, PA');
INSERT INTO `passenger_account` (`Passenger_ID`, `Email`, `Password`, `Name`, `Location`) VALUES (138, 'alene60@example.org', 'db07a819265090a6bc45211bc4fb5411', 'Julia Wolf', '626 Cierra Roads\nWest Jeffereyville, SC');
INSERT INTO `passenger_account` (`Passenger_ID`, `Email`, `Password`, `Name`, `Location`) VALUES (143, 'naomi.renner@example.com', '538ed3655aec9f6895c10cbb6f6ab052', 'Helene Von', '35665 Jada Divide\nWest Imogene, WI');
INSERT INTO `passenger_account` (`Passenger_ID`, `Email`, `Password`, `Name`, `Location`) VALUES (175, 'stanton.jordane@example.com', '9ba6a4adc6518c535c60828d3a700253', 'Douglas Parker PhD', '5132 Brown Cliff Suite 519\nJacqueshaven, SC');
INSERT INTO `passenger_account` (`Passenger_ID`, `Email`, `Password`, `Name`, `Location`) VALUES (179, 'sfadel@example.com', 'ee5e8f70a8049ca2380721cd8e68c971', 'August Bailey', '26169 Brendon Islands Apt. 244\nSouth Aliyah, NV');
INSERT INTO `passenger_account` (`Passenger_ID`, `Email`, `Password`, `Name`, `Location`) VALUES (188, 'zvonrueden@example.org', 'ac21eb282aef59c7faf40ce93d88c702', 'Prof. Bernadette Schimmel', '4587 McCullough Crossroad\nPacochahaven, NH');
INSERT INTO `passenger_account` (`Passenger_ID`, `Email`, `Password`, `Name`, `Location`) VALUES (193, 'coty31@example.com', '40d9fc2e4b51008773a84a0cbdb0a013', 'Dr. Jarod Kassulke', '01582 Zulauf Lock Suite 451\nEast Eleanoraburgh, WY');
INSERT INTO `passenger_account` (`Passenger_ID`, `Email`, `Password`, `Name`, `Location`) VALUES (197, 'ricky.pagac@example.net', 'da4ea055166859a0148dd149bba0d6b5', 'Mrs. Nayeli Feest IV', '70872 Kellie Fork Apt. 839\nKatlynnchester, OH');
INSERT INTO `passenger_account` (`Passenger_ID`, `Email`, `Password`, `Name`, `Location`) VALUES (214, 'dante.nader@example.com', '5affe668a0aabda9303dbbd77fd52642', 'Jarod Murray', '553 Kristoffer Stream\nLeonton, CT');
INSERT INTO `passenger_account` (`Passenger_ID`, `Email`, `Password`, `Name`, `Location`) VALUES (232, 'torphy.angelica@example.net', 'edd9de23840319ad7119c22055a47af9', 'Reva Luettgen II', '9238 Garnet Row Apt. 030\nWest Ruben, NM');
INSERT INTO `passenger_account` (`Passenger_ID`, `Email`, `Password`, `Name`, `Location`) VALUES (246, 'marlen86@example.org', '1eb46b73bc492bdfe3adae84b76584a4', 'Davin Kris DVM', '12718 Yazmin Ford Apt. 046\nPort Orinport, IN');
INSERT INTO `passenger_account` (`Passenger_ID`, `Email`, `Password`, `Name`, `Location`) VALUES (270, 'fay.jayde@example.net', 'bd0d50eb26773d7bbf52c851da17671d', 'Blair Ullrich MD', '233 Alexandria Fields Apt. 493\nHarrismouth, SD');
INSERT INTO `passenger_account` (`Passenger_ID`, `Email`, `Password`, `Name`, `Location`) VALUES (282, 'ross.gutmann@example.org', '22a6258885e7187282253616dd390906', 'Dr. Flavie Zieme', '7784 Friesen Inlet\nLake Adrienneshire, RI ');
INSERT INTO `passenger_account` (`Passenger_ID`, `Email`, `Password`, `Name`, `Location`) VALUES (293, 'lucius.hauck@example.com', '5bef52b7201b1464cfa854ee7f53546b', 'Adah Klocko', '329 Jackie Drive Apt. 188\nSouth Chayamouth, ND ');
INSERT INTO `passenger_account` (`Passenger_ID`, `Email`, `Password`, `Name`, `Location`) VALUES (310, 'grace87@example.com', 'ec1df040ae7950583477d2035c4dc1ff', 'Mr. Austin Moen', '7047 Kaley Course Suite 581\nAmericaport, DC');
INSERT INTO `passenger_account` (`Passenger_ID`, `Email`, `Password`, `Name`, `Location`) VALUES (325, 'hildegard.altenwerth@example.net', 'f08cb3ba9f82bdb976bf9c30bcb0b7eb', 'Wellington Beer', '637 McCullough Key Apt. 865\nChaneltown, NJ');
INSERT INTO `passenger_account` (`Passenger_ID`, `Email`, `Password`, `Name`, `Location`) VALUES (354, 'kiehn.randal@example.net', '1c4ed589339180806eab0871d3fc43c6', 'Angelina Hyatt', '92896 Monte Underpass\nNorth Jerad, AZ');
INSERT INTO `passenger_account` (`Passenger_ID`, `Email`, `Password`, `Name`, `Location`) VALUES (360, 'beulah.boehm@example.net', '0c7a32846852d7ab8a74b7c65300ad9c', 'Ralph Okuneva', '7264 Dennis Light\nNew Joan, NE');
INSERT INTO `passenger_account` (`Passenger_ID`, `Email`, `Password`, `Name`, `Location`) VALUES (374, 'wilfrid02@example.com', '504c8e16e0b3ff3843d15c20bb76dc97', 'Gregory Parker', '4658 Runolfsdottir Village\nChamplinchester, CT');
INSERT INTO `passenger_account` (`Passenger_ID`, `Email`, `Password`, `Name`, `Location`) VALUES (383, 'kyle.cronin@example.com', '0599ef78343912f6375212f9a134ffbd', 'Alisa Skiles', '47216 Moises Turnpike Suite 950\nAntoninachester, MN');
INSERT INTO `passenger_account` (`Passenger_ID`, `Email`, `Password`, `Name`, `Location`) VALUES (386, 'arno78@example.com', '87ce1f610417401576c55e158cab3946', 'Haley Raynor', '1471 Agustina Plaza\nBethelbury, CO');
INSERT INTO `passenger_account` (`Passenger_ID`, `Email`, `Password`, `Name`, `Location`) VALUES (394, 'ocruickshank@example.org', '1d42ce8dbdf235eed35892a6ad697c91', 'Alexie Weissnat', '478 Dylan Mall\nLake Pattie, PA');
INSERT INTO `passenger_account` (`Passenger_ID`, `Email`, `Password`, `Name`, `Location`) VALUES (399, 'abby.stiedemann@example.com', '922bc1699dc1ceb8ae50cfd4d5413e99', 'Ms. Joanne Berge', '294 Margie Corners\nNew Miles, NC');
INSERT INTO `passenger_account` (`Passenger_ID`, `Email`, `Password`, `Name`, `Location`) VALUES (415, 'qconsidine@example.net', '281c4589b1fa3e3e907ec6d2c2294e67', 'Olaf Champlin PhD', '1904 Lueilwitz Brook Suite 525\nDeborahmouth, AL');
INSERT INTO `passenger_account` (`Passenger_ID`, `Email`, `Password`, `Name`, `Location`) VALUES (421, 'kellen.abbott@example.com', '150e0de2e3219a43762366761460a17c', 'Nina Zboncak', '45315 Kiehn Expressway Suite 745\nLake Lilyhaven, HI ');
INSERT INTO `passenger_account` (`Passenger_ID`, `Email`, `Password`, `Name`, `Location`) VALUES (426, 'jodie.hand@example.com', 'd5fb8428045b263b222bf581949ae2dc', 'Raphaelle Feeney', '871 Kuhic Lake\nLake Berylside, DE ');
INSERT INTO `passenger_account` (`Passenger_ID`, `Email`, `Password`, `Name`, `Location`) VALUES (430, 'antonio.ryan@example.net', 'ba7f6371bf21b27289d56b93b61ce786', 'Ms. Lesly Champlin III', '195 Oda Manors Apt. 218\nTurcottefurt, UT ');
INSERT INTO `passenger_account` (`Passenger_ID`, `Email`, `Password`, `Name`, `Location`) VALUES (432, 'athompson@example.org', '66a4b43337c3c3540d5bb26ab2828143', 'Elisabeth Cummerata', '39575 Tiana Mount Suite 288\nLake Irwin, IL ');
INSERT INTO `passenger_account` (`Passenger_ID`, `Email`, `Password`, `Name`, `Location`) VALUES (434, 'charlene.champlin@example.com', 'efaf031a8dbcdd4ece89223cfefb0184', 'Mrs. Rosemary Schuster II', '5776 Lockman Ports\nHannahaven, NC');
INSERT INTO `passenger_account` (`Passenger_ID`, `Email`, `Password`, `Name`, `Location`) VALUES (440, 'destiney.flatley@example.com', '3f2493fb3111c613370e00a3781580c3', 'Dr. Rollin Langworth', '9211 Dena Islands Apt. 386\nPort Keeleyfurt, DE');
INSERT INTO `passenger_account` (`Passenger_ID`, `Email`, `Password`, `Name`, `Location`) VALUES (442, 'dangelo11@example.net', '513a0c91ff15546e150ecd6af77705cc', 'Mr. Nolan Schimmel V', '24657 Elaina Canyon Apt. 185\nJamarmouth, TX');
INSERT INTO `passenger_account` (`Passenger_ID`, `Email`, `Password`, `Name`, `Location`) VALUES (452, 'blittle@example.org', '35224c1bfb1d1dcdaf12e2b560105734', 'Jeramie Osinski', '99564 Kirlin Parkways Suite 191\nNorth Celine, WV ');
INSERT INTO `passenger_account` (`Passenger_ID`, `Email`, `Password`, `Name`, `Location`) VALUES (455, 'nathen23@example.com', '444d45d85aace6e1bb38044de5854b40', 'Ollie Collins Sr.', '3091 Hirthe Plaza Suite 386\nEast Miller, MD');
INSERT INTO `passenger_account` (`Passenger_ID`, `Email`, `Password`, `Name`, `Location`) VALUES (462, 'obergstrom@example.org', '9674ac929d95fd9d38d28a12244a976c', 'Carter Schinner', '6203 Ortiz Trace Apt. 986\nAlizamouth, FL');
INSERT INTO `passenger_account` (`Passenger_ID`, `Email`, `Password`, `Name`, `Location`) VALUES (467, 'bbergnaum@example.org', 'e489fd8f3d43fadc37bad77aee23e3f3', 'Adolphus Romaguera', '04558 Reymundo Square Apt. 390\nGinobury, WV');
INSERT INTO `passenger_account` (`Passenger_ID`, `Email`, `Password`, `Name`, `Location`) VALUES (477, 'tod78@example.com', 'fafafdaddc8a904a6f134859153212dd', 'Vernon O\'Connell', '4469 Maryse Mission Suite 266\nWest Holdenmouth, WV ');
INSERT INTO `passenger_account` (`Passenger_ID`, `Email`, `Password`, `Name`, `Location`) VALUES (480, 'edaniel@example.org', 'f708a920d21ee030075fbce62ae0b94f', 'Dr. Devon Cormier V', '107 Maynard Ferry Suite 239\nEast Giuseppe, MS');
INSERT INTO `passenger_account` (`Passenger_ID`, `Email`, `Password`, `Name`, `Location`) VALUES (481, 'hbechtelar@example.net', '2969fa194b27203784bbb2ff044c11cb', 'Davonte Watsica', '29909 Lessie Fields Apt. 070\nKirlinview, NC');
INSERT INTO `passenger_account` (`Passenger_ID`, `Email`, `Password`, `Name`, `Location`) VALUES (488, 'chris98@example.org', '3344ccbb67d0912074b57d3da1412043', 'Miss Lenore Welch', '85433 Soledad Rapids Apt. 231\nLake Norbertohaven, WI ');
INSERT INTO `passenger_account` (`Passenger_ID`, `Email`, `Password`, `Name`, `Location`) VALUES (495, 'winston.zieme@example.com', 'b8c2598c81278dbb0c0db58663c601f3', 'Laila Jerde', '2858 Melyssa Haven\nNew Dagmar, NY ');
INSERT INTO `passenger_account` (`Passenger_ID`, `Email`, `Password`, `Name`, `Location`) VALUES (497, 'vhintz@example.net', 'adf0e93e4a9905de67e900ac432e7733', 'Trever Murazik', '720 Osinski Rue Suite 556\nConradland, MT');
INSERT INTO `passenger_account` (`Passenger_ID`, `Email`, `Password`, `Name`, `Location`) VALUES (532, 'irma.bernier@example.com', '8366ba8584f3f1d0dae3aaa081e0163e', 'Lavonne Tremblay', '172 Hertha Unions Suite 326\nWest Carsonbury, DE');
INSERT INTO `passenger_account` (`Passenger_ID`, `Email`, `Password`, `Name`, `Location`) VALUES (534, 'madams@example.org', '2e1a5adc622c2e89aa6654299890abe1', 'Dameon Morar', '74792 Alan Rue Apt. 791\nNorth Olaf, NE');
INSERT INTO `passenger_account` (`Passenger_ID`, `Email`, `Password`, `Name`, `Location`) VALUES (557, 'hrau@example.com', '4c67384907b786a9c22c0dfbdbe17d2b', 'Baylee Murphy IV', '918 Boyer Flat\nStantown, WV');
INSERT INTO `passenger_account` (`Passenger_ID`, `Email`, `Password`, `Name`, `Location`) VALUES (571, 'melody54@example.org', 'ad8990a65418b95b8bffaecfaccf51e2', 'Ms. Destinee Deckow MD', '831 Sandra Glen Apt. 725\nPort Brendamouth, PA');
INSERT INTO `passenger_account` (`Passenger_ID`, `Email`, `Password`, `Name`, `Location`) VALUES (609, 'lauryn16@example.net', 'e158050bcc549a716e823accc3cbae3e', 'Jacynthe Blanda IV', '3428 Eichmann Ways Suite 501\nLake Anastasiaburgh, TN');
INSERT INTO `passenger_account` (`Passenger_ID`, `Email`, `Password`, `Name`, `Location`) VALUES (611, 'rusty72@example.org', 'f319a274498e76476733a597c69dff8c', 'Imelda Torp', '475 Hintz Locks Suite 998\nRobertsfurt, KS');
INSERT INTO `passenger_account` (`Passenger_ID`, `Email`, `Password`, `Name`, `Location`) VALUES (619, 'nikolaus.lauryn@example.com', '2ed1c3e9790ad180fe0b4f90285c316a', 'Miss Sierra Blick Sr.', '381 Kutch Alley Suite 892\nAribury, VA ');
INSERT INTO `passenger_account` (`Passenger_ID`, `Email`, `Password`, `Name`, `Location`) VALUES (633, 'orn.julia@example.net', 'f91819783ae952d1ad4c02cb3830edd4', 'Dr. Zane Auer II', '9461 Evangeline Burgs\nPort Shaniyastad, MO');
INSERT INTO `passenger_account` (`Passenger_ID`, `Email`, `Password`, `Name`, `Location`) VALUES (643, 'bauch.ines@example.net', '867506d7d1540fcb2d83c6471ae37b9a', 'Anabelle Kemmer III', '79029 Durgan Park Suite 860\nSouth Georgeview, OH');
INSERT INTO `passenger_account` (`Passenger_ID`, `Email`, `Password`, `Name`, `Location`) VALUES (644, 'uschoen@example.net', '8e5146caf59b28b65bc5662c786cf177', 'Ashlee Nolan', '001 Sunny Loaf Apt. 997\nWest Kelleyhaven, AZ');
INSERT INTO `passenger_account` (`Passenger_ID`, `Email`, `Password`, `Name`, `Location`) VALUES (655, 'ygrimes@example.com', 'c9ae2bb439fa86712ae30c23b29caefe', 'Jaden Dibbert III', '5698 Collins Ways Suite 264\nNorth Henderson, NE');
INSERT INTO `passenger_account` (`Passenger_ID`, `Email`, `Password`, `Name`, `Location`) VALUES (667, 'skye54@example.com', '324f63dc52ecf5bde9f90f4d20d8d6cf', 'Pierce McKenzie', '02866 Herman Heights\nSawaynfurt, NY');
INSERT INTO `passenger_account` (`Passenger_ID`, `Email`, `Password`, `Name`, `Location`) VALUES (668, 'beaulah.herman@example.net', 'ff675865b0ddab75d17227b6588f7a61', 'Deshaun Lakin', '503 Casper Ford\nLake Zackery, RI');
INSERT INTO `passenger_account` (`Passenger_ID`, `Email`, `Password`, `Name`, `Location`) VALUES (690, 'jbruen@example.com', '3145c3f9a588b00f439f569b79d0680b', 'Garret Schowalter', '6518 Breitenberg Estate Suite 405\nNorth Arden, TN');
INSERT INTO `passenger_account` (`Passenger_ID`, `Email`, `Password`, `Name`, `Location`) VALUES (696, 'kevon.aufderhar@example.net', 'a1cd3d717a382eff90e34f5606c01d6e', 'Prof. Buster Olson', '7543 Cleo Course Apt. 797\nStephonstad, WI ');
INSERT INTO `passenger_account` (`Passenger_ID`, `Email`, `Password`, `Name`, `Location`) VALUES (701, 'mohammed73@example.com', '8c92607e8007d2c783d8e04db1100c9c', 'Prof. Clyde Windler', '94638 Nienow Ferry Suite 467\nFadelborough, NM ');
INSERT INTO `passenger_account` (`Passenger_ID`, `Email`, `Password`, `Name`, `Location`) VALUES (705, 'misty13@example.net', '2b43a1dc4c61b715a6caac1b1edf8dc6', 'Eden Wiza', '354 Spencer Port Apt. 410\nLillieside, FL');
INSERT INTO `passenger_account` (`Passenger_ID`, `Email`, `Password`, `Name`, `Location`) VALUES (710, 'wparker@example.com', '68383db4e018566f1e0acae45d2eee99', 'Miss Alize Kessler DVM', '34130 Heathcote Vista\nEast Elyseland, HI ');
INSERT INTO `passenger_account` (`Passenger_ID`, `Email`, `Password`, `Name`, `Location`) VALUES (722, 'lizeth.paucek@example.net', '8d806e4d7e234bd2a1ad493c6d016e13', 'Nasir Rogahn', '7712 Elnora Shoals\nEnolaberg, HI ');
INSERT INTO `passenger_account` (`Passenger_ID`, `Email`, `Password`, `Name`, `Location`) VALUES (723, 'judge.reilly@example.com', '33707b54b61a93b90d3749f960ec3a9f', 'Prof. Derick Roob', '445 Dennis Place\nKulasmouth, HI ');
INSERT INTO `passenger_account` (`Passenger_ID`, `Email`, `Password`, `Name`, `Location`) VALUES (730, 'adriana.gusikowski@example.net', '537488bec739eb951a160881cdc73196', 'Dr. Mario Pfeffer II', '62771 Colt Tunnel Suite 145\nNorth Monicaberg, GA');
INSERT INTO `passenger_account` (`Passenger_ID`, `Email`, `Password`, `Name`, `Location`) VALUES (735, 'xlowe@example.net', '57a2b7f24299cf4ef1f9908098ae0cd1', 'Fernando Parisian', '365 Morton Hill Apt. 921\nTerrillchester, MI ');
INSERT INTO `passenger_account` (`Passenger_ID`, `Email`, `Password`, `Name`, `Location`) VALUES (737, 'tillman.wallace@example.net', '094b6593c1e82093dab758ca82197389', 'Armand Dicki III', '94294 Davis Shores Suite 539\nSouth Bertha, NH');
INSERT INTO `passenger_account` (`Passenger_ID`, `Email`, `Password`, `Name`, `Location`) VALUES (743, 'okirlin@example.com', '4382d80b1270d8604acb8f6499f9abdc', 'Taylor Gutkowski MD', '90502 Ankunding Drive Suite 650\nLonchester, IL ');
INSERT INTO `passenger_account` (`Passenger_ID`, `Email`, `Password`, `Name`, `Location`) VALUES (752, 'trantow.nellie@example.org', 'e0f81bd3269362c7c0b6561c3ec5f9fc', 'Leola Tillman', '7451 Bettie Field\nNorth Geovanyview, WI ');
INSERT INTO `passenger_account` (`Passenger_ID`, `Email`, `Password`, `Name`, `Location`) VALUES (768, 'kunde.paige@example.com', 'afc2aa6df109471755a640c7cedce5e5', 'Laurine Boyer', '9450 Margarete Pass\nWalshport, DE ');
INSERT INTO `passenger_account` (`Passenger_ID`, `Email`, `Password`, `Name`, `Location`) VALUES (796, 'hbashirian@example.com', '49f057df9c624054a2923f21c2d362ca', 'Noah Pfeffer', '06735 Wolf Glens\nEast Mallory, OR ');
INSERT INTO `passenger_account` (`Passenger_ID`, `Email`, `Password`, `Name`, `Location`) VALUES (803, 'kilback.vernie@example.com', '22123e2802fcbeca00c100d1ba5e39e9', 'Prof. Emilia McKenzie', '020 Gaston Overpass Suite 369\nPort Nicholausburgh, ND ');
INSERT INTO `passenger_account` (`Passenger_ID`, `Email`, `Password`, `Name`, `Location`) VALUES (832, 'breichel@example.com', '4ae20d2e14c7e96e7cca9b54a43e2550', 'Antonina Feest', '5290 Malvina Ferry Apt. 809\nMurielfort, ND ');
INSERT INTO `passenger_account` (`Passenger_ID`, `Email`, `Password`, `Name`, `Location`) VALUES (833, 'yadira20@example.net', '868a9a389a138d29876a6241f9165ef2', 'Effie Wuckert', '335 Ledner Keys Apt. 924\nRevaberg, CA');
INSERT INTO `passenger_account` (`Passenger_ID`, `Email`, `Password`, `Name`, `Location`) VALUES (845, 'bertha95@example.com', '43b6ad446eb3451fc568596a9f9e150d', 'Dr. Athena Cruickshank PhD', '546 Von Heights\nBatzborough, MN ');
INSERT INTO `passenger_account` (`Passenger_ID`, `Email`, `Password`, `Name`, `Location`) VALUES (865, 'derek68@example.net', 'b03f28b57860d348c12c48a6314487bc', 'Brant Strosin', '365 Melyssa Port\nNorth Jeanneside, ID ');
INSERT INTO `passenger_account` (`Passenger_ID`, `Email`, `Password`, `Name`, `Location`) VALUES (886, 'randi59@example.net', 'b0b8898e66280126bbceb13b7d42ab00', 'Velva Bogisich', '6299 Felix Ranch Apt. 506\nOrrintown, WV ');
INSERT INTO `passenger_account` (`Passenger_ID`, `Email`, `Password`, `Name`, `Location`) VALUES (892, 'myrl.lindgren@example.org', 'a78b750e135da99f9bb2527994ca0b09', 'Enoch Mueller', '80847 Lindgren Court\nEverettefurt, FL');
INSERT INTO `passenger_account` (`Passenger_ID`, `Email`, `Password`, `Name`, `Location`) VALUES (908, 'pabshire@example.net', 'e1029034db0de3db5a0b557864d80277', 'Norberto Torp', '32104 Noah Turnpike\nPort Estelborough, RI ');
INSERT INTO `passenger_account` (`Passenger_ID`, `Email`, `Password`, `Name`, `Location`) VALUES (929, 'marie.powlowski@example.com', 'c2de65a6629604dc1ff3d3e9cbd9f432', 'Freda Runolfsdottir', '870 Harber Lakes\nVonbury, WA ');
INSERT INTO `passenger_account` (`Passenger_ID`, `Email`, `Password`, `Name`, `Location`) VALUES (932, 'morton40@example.com', '5010c8091ec26337147de127942be35b', 'Russell Schiller', '24217 Prince Squares Apt. 924\nAlainaland, ND');
INSERT INTO `passenger_account` (`Passenger_ID`, `Email`, `Password`, `Name`, `Location`) VALUES (940, 'xschamberger@example.net', 'a3805dc084930bd6d1df9410d360a2c7', 'Marilou Hermiston', '7321 Will Street\nLake Bradenfort, GA ');
INSERT INTO `passenger_account` (`Passenger_ID`, `Email`, `Password`, `Name`, `Location`) VALUES (949, 'kevin49@example.com', 'a9f570ca87b25223966c77a9ab97ee9d', 'Pietro Smitham', '7601 Quigley Wells\nNew Carleemouth, VT ');
INSERT INTO `passenger_account` (`Passenger_ID`, `Email`, `Password`, `Name`, `Location`) VALUES (954, 'berenice.willms@example.org', '0165dda804ff80eb63d8b76088436a08', 'Wilber Lubowitz', '02190 Bradtke Flats\nLake Huldaberg, MA ');
INSERT INTO `passenger_account` (`Passenger_ID`, `Email`, `Password`, `Name`, `Location`) VALUES (955, 'walsh.vivianne@example.org', '79ac56e36916ca1514a85fbb7552c068', 'Jorge Gaylord', '501 Randi Dale Suite 216\nLake Chanelland, KS ');
INSERT INTO `passenger_account` (`Passenger_ID`, `Email`, `Password`, `Name`, `Location`) VALUES (971, 'aaliyah.pollich@example.com', '49698ad1a8b11e358b08a2c4657bc556', 'Mr. Lloyd Nitzsche', '84378 Noel Ford\nBalistreriview, TN');
INSERT INTO `passenger_account` (`Passenger_ID`, `Email`, `Password`, `Name`, `Location`) VALUES (980, 'gerlach.myron@example.net', 'b985747d78193b745dfea8d38d14a31a', 'Milton Heaney', '8415 Grant Wells Suite 067\nLake Marisachester, GA ');
INSERT INTO `passenger_account` (`Passenger_ID`, `Email`, `Password`, `Name`, `Location`) VALUES (987, 'kody.friesen@example.org', '644171fd6f17ad7abaee61708a07f248', 'Eudora Baumbach', '284 Ebert Meadows\nLake Darrell, MO ');
INSERT INTO `passenger_account` (`Passenger_ID`, `Email`, `Password`, `Name`, `Location`) VALUES (990, 'ollie.sporer@example.com', '6f6e3fcafee13479f2ec02aa2e40bca8', 'Clare Runte PhD', '148 Huel Ville Suite 059\nHahnshire, MD ');

-- ALTER TABLE passenger_account RENAME COLUMN Location to Passenger_Location;

SELECT * FROM call_a_cab.passenger_account;

--
-- Table structure for table `passenger_phone`
--

DROP TABLE IF EXISTS `passenger_phone`;

CREATE TABLE `passenger_phone` (
  `Mobile_No` int NOT NULL,
  PRIMARY KEY (`Mobile_No`)
) ENGINE=InnoDB DEFAULT CHARSET=utf8mb4 COLLATE=utf8mb4_0900_ai_ci;
INSERT INTO `passenger_phone` (`Mobile_No`) VALUES (0);
INSERT INTO `passenger_phone` (`Mobile_No`) VALUES (44);
INSERT INTO `passenger_phone` (`Mobile_No`) VALUES (452);
INSERT INTO `passenger_phone` (`Mobile_No`) VALUES (489);
INSERT INTO `passenger_phone` (`Mobile_No`) VALUES (900);
INSERT INTO `passenger_phone` (`Mobile_No`) VALUES (2786);
INSERT INTO `passenger_phone` (`Mobile_No`) VALUES (4285);
INSERT INTO `passenger_phone` (`Mobile_No`) VALUES (4355);
INSERT INTO `passenger_phone` (`Mobile_No`) VALUES (4940);
INSERT INTO `passenger_phone` (`Mobile_No`) VALUES (4996);
INSERT INTO `passenger_phone` (`Mobile_No`) VALUES (5007);
INSERT INTO `passenger_phone` (`Mobile_No`) VALUES (6113);
INSERT INTO `passenger_phone` (`Mobile_No`) VALUES (6161);
INSERT INTO `passenger_phone` (`Mobile_No`) VALUES (7214);
INSERT INTO `passenger_phone` (`Mobile_No`) VALUES (7386);
INSERT INTO `passenger_phone` (`Mobile_No`) VALUES (7891);
INSERT INTO `passenger_phone` (`Mobile_No`) VALUES (8027);
INSERT INTO `passenger_phone` (`Mobile_No`) VALUES (9140);
INSERT INTO `passenger_phone` (`Mobile_No`) VALUES (9236);
INSERT INTO `passenger_phone` (`Mobile_No`) VALUES (9396);
INSERT INTO `passenger_phone` (`Mobile_No`) VALUES (65910636);
INSERT INTO `passenger_phone` (`Mobile_No`) VALUES (250484049);
INSERT INTO `passenger_phone` (`Mobile_No`) VALUES (303211052);
INSERT INTO `passenger_phone` (`Mobile_No`) VALUES (346888104);
INSERT INTO `passenger_phone` (`Mobile_No`) VALUES (448822279);
INSERT INTO `passenger_phone` (`Mobile_No`) VALUES (489293624);
INSERT INTO `passenger_phone` (`Mobile_No`) VALUES (548216861);
INSERT INTO `passenger_phone` (`Mobile_No`) VALUES (759660715);
INSERT INTO `passenger_phone` (`Mobile_No`) VALUES (790466393);
INSERT INTO `passenger_phone` (`Mobile_No`) VALUES (1047624072);
INSERT INTO `passenger_phone` (`Mobile_No`) VALUES (1520375599);
INSERT INTO `passenger_phone` (`Mobile_No`) VALUES (2147483647);
SELECT * FROM call_a_cab.passenger_phone;

--
-- Table structure for table `payments`
--

DROP TABLE IF EXISTS `payments`;

CREATE TABLE `payments` (
  `Ride_ID` int NOT NULL,
  `Date` date NOT NULL,
  `Time` varchar(150) NOT NULL,
  `Amount` int NOT NULL,
  `Payment_Mode` varchar(150) NOT NULL,
  `Driver_ID` int DEFAULT NULL,
  `Passenger_ID` int DEFAULT NULL,
  PRIMARY KEY (`Ride_ID`),
  KEY `Driver_ID` (`Driver_ID`),
  KEY `Passenger_ID` (`Passenger_ID`),
  CONSTRAINT `payments_ibfk_1` FOREIGN KEY (`Ride_ID`) REFERENCES `ride` (`Ride_ID`),
  CONSTRAINT `payments_ibfk_2` FOREIGN KEY (`Driver_ID`) REFERENCES `driver` (`Driver_ID`),
  CONSTRAINT `payments_ibfk_3` FOREIGN KEY (`Passenger_ID`) REFERENCES `passenger_account` (`Passenger_ID`)
) ENGINE=InnoDB DEFAULT CHARSET=utf8mb4 COLLATE=utf8mb4_0900_ai_ci;
INSERT INTO `payments` (`Ride_ID`, `Date`, `Time`, `Amount`, `Payment_Mode`, `Driver_ID`, `Passenger_ID`) VALUES (10124, '1986-11-22', '', 1574, 'Cash', 10000, 3);
INSERT INTO `payments` (`Ride_ID`, `Date`, `Time`, `Amount`, `Payment_Mode`, `Driver_ID`, `Passenger_ID`) VALUES (12567, '1978-11-23', '', 2249, 'Cash', 14306, 17);
INSERT INTO `payments` (`Ride_ID`, `Date`, `Time`, `Amount`, `Payment_Mode`, `Driver_ID`, `Passenger_ID`) VALUES (13133, '2014-12-16', '', 698, 'UPI', 15135, 26);
INSERT INTO `payments` (`Ride_ID`, `Date`, `Time`, `Amount`, `Payment_Mode`, `Driver_ID`, `Passenger_ID`) VALUES (13281, '1971-07-16', '', 859, 'Cash', 15840, 27);
INSERT INTO `payments` (`Ride_ID`, `Date`, `Time`, `Amount`, `Payment_Mode`, `Driver_ID`, `Passenger_ID`) VALUES (13764, '1974-04-18', '', 1218, 'UPI', 17292, 30);
INSERT INTO `payments` (`Ride_ID`, `Date`, `Time`, `Amount`, `Payment_Mode`, `Driver_ID`, `Passenger_ID`) VALUES (15089, '2006-05-11', '', 3570, 'UPI', 17456, 35);
INSERT INTO `payments` (`Ride_ID`, `Date`, `Time`, `Amount`, `Payment_Mode`, `Driver_ID`, `Passenger_ID`) VALUES (15367, '1991-02-21', '', 2629, 'UPI', 18233, 47);
INSERT INTO `payments` (`Ride_ID`, `Date`, `Time`, `Amount`, `Payment_Mode`, `Driver_ID`, `Passenger_ID`) VALUES (16554, '1982-08-06', '', 697, 'CreditCard', 20486, 76);
INSERT INTO `payments` (`Ride_ID`, `Date`, `Time`, `Amount`, `Payment_Mode`, `Driver_ID`, `Passenger_ID`) VALUES (17000, '2014-08-12', '', 1790, 'CreditCard', 20849, 81);
INSERT INTO `payments` (`Ride_ID`, `Date`, `Time`, `Amount`, `Payment_Mode`, `Driver_ID`, `Passenger_ID`) VALUES (17807, '1991-07-30', '', 1570, 'UPI', 23437, 85);
INSERT INTO `payments` (`Ride_ID`, `Date`, `Time`, `Amount`, `Payment_Mode`, `Driver_ID`, `Passenger_ID`) VALUES (18079, '1973-04-12', '', 782, 'Cash', 23946, 93);
INSERT INTO `payments` (`Ride_ID`, `Date`, `Time`, `Amount`, `Payment_Mode`, `Driver_ID`, `Passenger_ID`) VALUES (21364, '1996-05-26', '', 2760, 'Cash', 24416, 98);
INSERT INTO `payments` (`Ride_ID`, `Date`, `Time`, `Amount`, `Payment_Mode`, `Driver_ID`, `Passenger_ID`) VALUES (23004, '1985-03-26', '', 3220, 'CreditCard', 25024, 99);
INSERT INTO `payments` (`Ride_ID`, `Date`, `Time`, `Amount`, `Payment_Mode`, `Driver_ID`, `Passenger_ID`) VALUES (23267, '1975-12-20', '', 1885, 'UPI', 28977, 127);
INSERT INTO `payments` (`Ride_ID`, `Date`, `Time`, `Amount`, `Payment_Mode`, `Driver_ID`, `Passenger_ID`) VALUES (23442, '1986-06-09', '', 882, 'UPI', 29034, 128);
INSERT INTO `payments` (`Ride_ID`, `Date`, `Time`, `Amount`, `Payment_Mode`, `Driver_ID`, `Passenger_ID`) VALUES (23572, '1991-04-01', '', 3209, 'Cash', 31607, 138);
INSERT INTO `payments` (`Ride_ID`, `Date`, `Time`, `Amount`, `Payment_Mode`, `Driver_ID`, `Passenger_ID`) VALUES (24342, '1988-07-25', '', 2451, 'CreditCard', 31958, 143);
INSERT INTO `payments` (`Ride_ID`, `Date`, `Time`, `Amount`, `Payment_Mode`, `Driver_ID`, `Passenger_ID`) VALUES (25836, '1987-12-17', '', 135, 'UPI', 32882, 175);
INSERT INTO `payments` (`Ride_ID`, `Date`, `Time`, `Amount`, `Payment_Mode`, `Driver_ID`, `Passenger_ID`) VALUES (25837, '2008-06-10', '', 3243, 'Cash', 33299, 179);
INSERT INTO `payments` (`Ride_ID`, `Date`, `Time`, `Amount`, `Payment_Mode`, `Driver_ID`, `Passenger_ID`) VALUES (27219, '1983-12-02', '', 3026, 'Cash', 33583, 188);
INSERT INTO `payments` (`Ride_ID`, `Date`, `Time`, `Amount`, `Payment_Mode`, `Driver_ID`, `Passenger_ID`) VALUES (28866, '2012-10-04', '', 1805, 'UPI', 34518, 193);
INSERT INTO `payments` (`Ride_ID`, `Date`, `Time`, `Amount`, `Payment_Mode`, `Driver_ID`, `Passenger_ID`) VALUES (29988, '2002-12-19', '', 2702, 'UPI', 36461, 197);
INSERT INTO `payments` (`Ride_ID`, `Date`, `Time`, `Amount`, `Payment_Mode`, `Driver_ID`, `Passenger_ID`) VALUES (30983, '1994-01-05', '', 1849, 'CreditCard', 36668, 214);
INSERT INTO `payments` (`Ride_ID`, `Date`, `Time`, `Amount`, `Payment_Mode`, `Driver_ID`, `Passenger_ID`) VALUES (34068, '1984-05-01', '', 1760, 'CreditCard', 37018, 232);
INSERT INTO `payments` (`Ride_ID`, `Date`, `Time`, `Amount`, `Payment_Mode`, `Driver_ID`, `Passenger_ID`) VALUES (37024, '2006-06-01', '', 247, 'UPI', 37528, 246);
INSERT INTO `payments` (`Ride_ID`, `Date`, `Time`, `Amount`, `Payment_Mode`, `Driver_ID`, `Passenger_ID`) VALUES (37953, '2000-12-22', '', 2243, 'CreditCard', 38230, 270);
INSERT INTO `payments` (`Ride_ID`, `Date`, `Time`, `Amount`, `Payment_Mode`, `Driver_ID`, `Passenger_ID`) VALUES (38624, '2006-12-23', '', 3874, 'Cash', 38510, 282);
INSERT INTO `payments` (`Ride_ID`, `Date`, `Time`, `Amount`, `Payment_Mode`, `Driver_ID`, `Passenger_ID`) VALUES (38751, '1994-12-20', '', 1726, 'Cash', 39259, 293);
INSERT INTO `payments` (`Ride_ID`, `Date`, `Time`, `Amount`, `Payment_Mode`, `Driver_ID`, `Passenger_ID`) VALUES (40455, '1994-04-05', '', 2254, 'UPI', 39798, 310);
INSERT INTO `payments` (`Ride_ID`, `Date`, `Time`, `Amount`, `Payment_Mode`, `Driver_ID`, `Passenger_ID`) VALUES (42044, '2011-01-10', '', 2346, 'Cash', 41490, 325);
INSERT INTO `payments` (`Ride_ID`, `Date`, `Time`, `Amount`, `Payment_Mode`, `Driver_ID`, `Passenger_ID`) VALUES (43195, '1973-07-17', '', 4855, 'CreditCard', 44654, 354);
INSERT INTO `payments` (`Ride_ID`, `Date`, `Time`, `Amount`, `Payment_Mode`, `Driver_ID`, `Passenger_ID`) VALUES (43509, '1985-09-26', '', 523, 'CreditCard', 45943, 360);
INSERT INTO `payments` (`Ride_ID`, `Date`, `Time`, `Amount`, `Payment_Mode`, `Driver_ID`, `Passenger_ID`) VALUES (44112, '2005-08-07', '', 3986, 'Cash', 46026, 374);
INSERT INTO `payments` (`Ride_ID`, `Date`, `Time`, `Amount`, `Payment_Mode`, `Driver_ID`, `Passenger_ID`) VALUES (45012, '1986-03-23', '', 2643, 'Cash', 46234, 383);
INSERT INTO `payments` (`Ride_ID`, `Date`, `Time`, `Amount`, `Payment_Mode`, `Driver_ID`, `Passenger_ID`) VALUES (45211, '1987-09-26', '', 2407, 'UPI', 46525, 386);
INSERT INTO `payments` (`Ride_ID`, `Date`, `Time`, `Amount`, `Payment_Mode`, `Driver_ID`, `Passenger_ID`) VALUES (46671, '1972-05-01', '', 2339, 'Cash', 46636, 394);
INSERT INTO `payments` (`Ride_ID`, `Date`, `Time`, `Amount`, `Payment_Mode`, `Driver_ID`, `Passenger_ID`) VALUES (47012, '1998-04-24', '', 3226, 'UPI', 46783, 399);
INSERT INTO `payments` (`Ride_ID`, `Date`, `Time`, `Amount`, `Payment_Mode`, `Driver_ID`, `Passenger_ID`) VALUES (48791, '2014-09-02', '', 4942, 'Cash', 47980, 415);
INSERT INTO `payments` (`Ride_ID`, `Date`, `Time`, `Amount`, `Payment_Mode`, `Driver_ID`, `Passenger_ID`) VALUES (49156, '2018-11-14', '', 555, 'UPI', 48477, 421);
INSERT INTO `payments` (`Ride_ID`, `Date`, `Time`, `Amount`, `Payment_Mode`, `Driver_ID`, `Passenger_ID`) VALUES (50177, '1991-07-20', '', 732, 'UPI', 48597, 426);
INSERT INTO `payments` (`Ride_ID`, `Date`, `Time`, `Amount`, `Payment_Mode`, `Driver_ID`, `Passenger_ID`) VALUES (53079, '1997-05-03', '', 2378, 'Cash', 48660, 430);
INSERT INTO `payments` (`Ride_ID`, `Date`, `Time`, `Amount`, `Payment_Mode`, `Driver_ID`, `Passenger_ID`) VALUES (53479, '1983-10-25', '', 3899, 'Cash', 48698, 432);
INSERT INTO `payments` (`Ride_ID`, `Date`, `Time`, `Amount`, `Payment_Mode`, `Driver_ID`, `Passenger_ID`) VALUES (53553, '1973-08-15', '', 3535, 'UPI', 49684, 434);
INSERT INTO `payments` (`Ride_ID`, `Date`, `Time`, `Amount`, `Payment_Mode`, `Driver_ID`, `Passenger_ID`) VALUES (53768, '1992-02-22', '', 4945, 'UPI', 49690, 440);
INSERT INTO `payments` (`Ride_ID`, `Date`, `Time`, `Amount`, `Payment_Mode`, `Driver_ID`, `Passenger_ID`) VALUES (54273, '2004-05-22', '', 2765, 'Cash', 52246, 442);
INSERT INTO `payments` (`Ride_ID`, `Date`, `Time`, `Amount`, `Payment_Mode`, `Driver_ID`, `Passenger_ID`) VALUES (56090, '2022-04-20', '', 3187, 'UPI', 52722, 452);
INSERT INTO `payments` (`Ride_ID`, `Date`, `Time`, `Amount`, `Payment_Mode`, `Driver_ID`, `Passenger_ID`) VALUES (57085, '1982-01-10', '', 3559, 'CreditCard', 53031, 455);
INSERT INTO `payments` (`Ride_ID`, `Date`, `Time`, `Amount`, `Payment_Mode`, `Driver_ID`, `Passenger_ID`) VALUES (57154, '2016-03-11', '', 4324, 'UPI', 53313, 462);
INSERT INTO `payments` (`Ride_ID`, `Date`, `Time`, `Amount`, `Payment_Mode`, `Driver_ID`, `Passenger_ID`) VALUES (58518, '1993-09-01', '', 4417, 'CreditCard', 53672, 467);
INSERT INTO `payments` (`Ride_ID`, `Date`, `Time`, `Amount`, `Payment_Mode`, `Driver_ID`, `Passenger_ID`) VALUES (59338, '1990-10-06', '', 4407, 'Cash', 54019, 477);
INSERT INTO `payments` (`Ride_ID`, `Date`, `Time`, `Amount`, `Payment_Mode`, `Driver_ID`, `Passenger_ID`) VALUES (59474, '1983-12-02', '', 1734, 'CreditCard', 55191, 480);
INSERT INTO `payments` (`Ride_ID`, `Date`, `Time`, `Amount`, `Payment_Mode`, `Driver_ID`, `Passenger_ID`) VALUES (60170, '2022-12-27', '', 1583, 'Cash', 56212, 481);
INSERT INTO `payments` (`Ride_ID`, `Date`, `Time`, `Amount`, `Payment_Mode`, `Driver_ID`, `Passenger_ID`) VALUES (60519, '2010-03-06', '', 2444, 'UPI', 58168, 488);
INSERT INTO `payments` (`Ride_ID`, `Date`, `Time`, `Amount`, `Payment_Mode`, `Driver_ID`, `Passenger_ID`) VALUES (61087, '1984-12-04', '', 2495, 'CreditCard', 58525, 495);
INSERT INTO `payments` (`Ride_ID`, `Date`, `Time`, `Amount`, `Payment_Mode`, `Driver_ID`, `Passenger_ID`) VALUES (61197, '1985-01-01', '', 3108, 'CreditCard', 58709, 497);
INSERT INTO `payments` (`Ride_ID`, `Date`, `Time`, `Amount`, `Payment_Mode`, `Driver_ID`, `Passenger_ID`) VALUES (61842, '2020-06-23', '', 1178, 'UPI', 58958, 532);
INSERT INTO `payments` (`Ride_ID`, `Date`, `Time`, `Amount`, `Payment_Mode`, `Driver_ID`, `Passenger_ID`) VALUES (64194, '2004-01-15', '', 2611, 'Cash', 59547, 534);
INSERT INTO `payments` (`Ride_ID`, `Date`, `Time`, `Amount`, `Payment_Mode`, `Driver_ID`, `Passenger_ID`) VALUES (64389, '1976-01-22', '', 3648, 'Cash', 60885, 557);
INSERT INTO `payments` (`Ride_ID`, `Date`, `Time`, `Amount`, `Payment_Mode`, `Driver_ID`, `Passenger_ID`) VALUES (66133, '2011-06-30', '', 3815, 'Cash', 61775, 571);
INSERT INTO `payments` (`Ride_ID`, `Date`, `Time`, `Amount`, `Payment_Mode`, `Driver_ID`, `Passenger_ID`) VALUES (66159, '1980-02-06', '', 775, 'UPI', 62532, 609);
INSERT INTO `payments` (`Ride_ID`, `Date`, `Time`, `Amount`, `Payment_Mode`, `Driver_ID`, `Passenger_ID`) VALUES (66510, '2020-10-07', '', 2068, 'Cash', 63892, 611);
INSERT INTO `payments` (`Ride_ID`, `Date`, `Time`, `Amount`, `Payment_Mode`, `Driver_ID`, `Passenger_ID`) VALUES (67703, '1993-11-11', '', 1884, 'CreditCard', 63904, 619);
INSERT INTO `payments` (`Ride_ID`, `Date`, `Time`, `Amount`, `Payment_Mode`, `Driver_ID`, `Passenger_ID`) VALUES (68028, '2013-08-26', '', 1304, 'CreditCard', 65035, 633);
INSERT INTO `payments` (`Ride_ID`, `Date`, `Time`, `Amount`, `Payment_Mode`, `Driver_ID`, `Passenger_ID`) VALUES (69202, '1987-04-05', '', 4707, 'Cash', 66114, 643);
INSERT INTO `payments` (`Ride_ID`, `Date`, `Time`, `Amount`, `Payment_Mode`, `Driver_ID`, `Passenger_ID`) VALUES (70507, '2012-07-30', '', 808, 'CreditCard', 67680, 644);
INSERT INTO `payments` (`Ride_ID`, `Date`, `Time`, `Amount`, `Payment_Mode`, `Driver_ID`, `Passenger_ID`) VALUES (70726, '1974-10-26', '', 1650, 'UPI', 69100, 655);
INSERT INTO `payments` (`Ride_ID`, `Date`, `Time`, `Amount`, `Payment_Mode`, `Driver_ID`, `Passenger_ID`) VALUES (71036, '1996-11-02', '', 4426, 'CreditCard', 70099, 667);
INSERT INTO `payments` (`Ride_ID`, `Date`, `Time`, `Amount`, `Payment_Mode`, `Driver_ID`, `Passenger_ID`) VALUES (71363, '2015-04-24', '', 2471, 'CreditCard', 70255, 668);
INSERT INTO `payments` (`Ride_ID`, `Date`, `Time`, `Amount`, `Payment_Mode`, `Driver_ID`, `Passenger_ID`) VALUES (71819, '2001-04-12', '', 4969, 'Cash', 71006, 690);
INSERT INTO `payments` (`Ride_ID`, `Date`, `Time`, `Amount`, `Payment_Mode`, `Driver_ID`, `Passenger_ID`) VALUES (72419, '1981-02-11', '', 2356, 'Cash', 71975, 696);
INSERT INTO `payments` (`Ride_ID`, `Date`, `Time`, `Amount`, `Payment_Mode`, `Driver_ID`, `Passenger_ID`) VALUES (73218, '2010-11-02', '', 1463, 'CreditCard', 71998, 701);
INSERT INTO `payments` (`Ride_ID`, `Date`, `Time`, `Amount`, `Payment_Mode`, `Driver_ID`, `Passenger_ID`) VALUES (73868, '1978-03-24', '', 3593, 'CreditCard', 72692, 705);
INSERT INTO `payments` (`Ride_ID`, `Date`, `Time`, `Amount`, `Payment_Mode`, `Driver_ID`, `Passenger_ID`) VALUES (74982, '1978-04-25', '', 253, 'Cash', 73231, 710);
INSERT INTO `payments` (`Ride_ID`, `Date`, `Time`, `Amount`, `Payment_Mode`, `Driver_ID`, `Passenger_ID`) VALUES (75126, '1991-05-06', '', 2227, 'CreditCard', 73579, 722);
INSERT INTO `payments` (`Ride_ID`, `Date`, `Time`, `Amount`, `Payment_Mode`, `Driver_ID`, `Passenger_ID`) VALUES (75226, '2014-06-11', '', 1820, 'UPI', 75861, 723);
INSERT INTO `payments` (`Ride_ID`, `Date`, `Time`, `Amount`, `Payment_Mode`, `Driver_ID`, `Passenger_ID`) VALUES (76504, '1986-09-01', '', 1735, 'UPI', 78148, 730);
INSERT INTO `payments` (`Ride_ID`, `Date`, `Time`, `Amount`, `Payment_Mode`, `Driver_ID`, `Passenger_ID`) VALUES (77375, '1975-06-09', '', 772, 'CreditCard', 78189, 735);
INSERT INTO `payments` (`Ride_ID`, `Date`, `Time`, `Amount`, `Payment_Mode`, `Driver_ID`, `Passenger_ID`) VALUES (77952, '2015-06-02', '', 1220, 'CreditCard', 81188, 737);
INSERT INTO `payments` (`Ride_ID`, `Date`, `Time`, `Amount`, `Payment_Mode`, `Driver_ID`, `Passenger_ID`) VALUES (78444, '1999-07-15', '', 4042, 'UPI', 82850, 743);
INSERT INTO `payments` (`Ride_ID`, `Date`, `Time`, `Amount`, `Payment_Mode`, `Driver_ID`, `Passenger_ID`) VALUES (78588, '1975-03-19', '', 2415, 'CreditCard', 83076, 752);
INSERT INTO `payments` (`Ride_ID`, `Date`, `Time`, `Amount`, `Payment_Mode`, `Driver_ID`, `Passenger_ID`) VALUES (78948, '1996-04-18', '', 4180, 'CreditCard', 83526, 768);
INSERT INTO `payments` (`Ride_ID`, `Date`, `Time`, `Amount`, `Payment_Mode`, `Driver_ID`, `Passenger_ID`) VALUES (79133, '2020-03-21', '', 4419, 'UPI', 85780, 796);
INSERT INTO `payments` (`Ride_ID`, `Date`, `Time`, `Amount`, `Payment_Mode`, `Driver_ID`, `Passenger_ID`) VALUES (81787, '2019-10-06', '', 4174, 'CreditCard', 85799, 803);
INSERT INTO `payments` (`Ride_ID`, `Date`, `Time`, `Amount`, `Payment_Mode`, `Driver_ID`, `Passenger_ID`) VALUES (82610, '1972-12-30', '', 3700, 'UPI', 86949, 832);
INSERT INTO `payments` (`Ride_ID`, `Date`, `Time`, `Amount`, `Payment_Mode`, `Driver_ID`, `Passenger_ID`) VALUES (83876, '1981-11-03', '', 2205, 'CreditCard', 89326, 833);
INSERT INTO `payments` (`Ride_ID`, `Date`, `Time`, `Amount`, `Payment_Mode`, `Driver_ID`, `Passenger_ID`) VALUES (84722, '2004-09-27', '', 3704, 'Cash', 89564, 845);
INSERT INTO `payments` (`Ride_ID`, `Date`, `Time`, `Amount`, `Payment_Mode`, `Driver_ID`, `Passenger_ID`) VALUES (84758, '1989-11-09', '', 155, 'Cash', 90156, 865);
INSERT INTO `payments` (`Ride_ID`, `Date`, `Time`, `Amount`, `Payment_Mode`, `Driver_ID`, `Passenger_ID`) VALUES (85187, '2015-06-09', '', 3143, 'CreditCard', 90811, 886);
INSERT INTO `payments` (`Ride_ID`, `Date`, `Time`, `Amount`, `Payment_Mode`, `Driver_ID`, `Passenger_ID`) VALUES (86445, '1985-11-14', '', 4420, 'CreditCard', 92328, 892);
INSERT INTO `payments` (`Ride_ID`, `Date`, `Time`, `Amount`, `Payment_Mode`, `Driver_ID`, `Passenger_ID`) VALUES (87901, '2002-06-28', '', 2265, 'Cash', 92456, 908);
INSERT INTO `payments` (`Ride_ID`, `Date`, `Time`, `Amount`, `Payment_Mode`, `Driver_ID`, `Passenger_ID`) VALUES (88294, '2018-10-10', '', 3675, 'CreditCard', 93870, 929);
INSERT INTO `payments` (`Ride_ID`, `Date`, `Time`, `Amount`, `Payment_Mode`, `Driver_ID`, `Passenger_ID`) VALUES (88766, '2011-10-25', '', 3959, 'Cash', 94190, 932);
INSERT INTO `payments` (`Ride_ID`, `Date`, `Time`, `Amount`, `Payment_Mode`, `Driver_ID`, `Passenger_ID`) VALUES (88952, '1999-01-22', '', 1715, 'CreditCard', 94514, 940);
INSERT INTO `payments` (`Ride_ID`, `Date`, `Time`, `Amount`, `Payment_Mode`, `Driver_ID`, `Passenger_ID`) VALUES (89684, '1997-11-16', '', 4773, 'Cash', 94857, 949);
INSERT INTO `payments` (`Ride_ID`, `Date`, `Time`, `Amount`, `Payment_Mode`, `Driver_ID`, `Passenger_ID`) VALUES (90554, '1971-07-24', '', 4293, 'Cash', 95463, 954);
INSERT INTO `payments` (`Ride_ID`, `Date`, `Time`, `Amount`, `Payment_Mode`, `Driver_ID`, `Passenger_ID`) VALUES (94995, '2021-07-20', '', 4239, 'UPI', 96024, 955);
INSERT INTO `payments` (`Ride_ID`, `Date`, `Time`, `Amount`, `Payment_Mode`, `Driver_ID`, `Passenger_ID`) VALUES (95239, '2004-12-19', '', 4101, 'CreditCard', 96141, 971);
INSERT INTO `payments` (`Ride_ID`, `Date`, `Time`, `Amount`, `Payment_Mode`, `Driver_ID`, `Passenger_ID`) VALUES (95998, '2001-11-20', '', 1033, 'Cash', 96209, 980);
INSERT INTO `payments` (`Ride_ID`, `Date`, `Time`, `Amount`, `Payment_Mode`, `Driver_ID`, `Passenger_ID`) VALUES (97133, '2001-10-30', '', 1655, 'Cash', 98916, 987);
INSERT INTO `payments` (`Ride_ID`, `Date`, `Time`, `Amount`, `Payment_Mode`, `Driver_ID`, `Passenger_ID`) VALUES (98520, '2010-09-15', '', 2820, 'UPI', 99680, 990);
SELECT * FROM call_a_cab.payments;

--
-- Table structure for table `ride`
--

DROP TABLE IF EXISTS `ride`;

CREATE TABLE `ride` (
  `Ride_ID` int NOT NULL ,
  `Dropoff_Time` varchar(150) NOT NULL,
  `Pickup_Location` varchar(150) NOT NULL,
  `Dropoff_Location` varchar(150) NOT NULL,
  `Request_ID` int DEFAULT NULL,
  `Driver_ID` int DEFAULT NULL,
  `Cab_ID` int DEFAULT NULL,
  PRIMARY KEY (`Ride_ID`),
  KEY `Request_ID` (`Request_ID`),
  KEY `Driver_ID` (`Driver_ID`),
  KEY `Cab_ID` (`Cab_ID`),
  CONSTRAINT `ride_ibfk_1` FOREIGN KEY (`Request_ID`) REFERENCES `ride_request` (`Request_ID`),
  CONSTRAINT `ride_ibfk_2` FOREIGN KEY (`Driver_ID`) REFERENCES `driver` (`Driver_ID`),
  CONSTRAINT `ride_ibfk_3` FOREIGN KEY (`Cab_ID`) REFERENCES `cab` (`Cab_ID`)
) ENGINE=InnoDB DEFAULT CHARSET=utf8mb4 COLLATE=utf8mb4_0900_ai_ci;
INSERT INTO `ride` (`Ride_ID`, `Dropoff_Time`, `Pickup_Location`, `Dropoff_Location`, `Request_ID`, `Driver_ID`, `Cab_ID`) VALUES (10124, '11:20:04', '4356 Jayden Street\nLindhaven, NC 35467-0084', '0207 Destiny Well\nLebsackmouth, CA 64584-1986', 9480162, 78148, 7611);
INSERT INTO `ride` (`Ride_ID`, `Dropoff_Time`, `Pickup_Location`, `Dropoff_Location`, `Request_ID`, `Driver_ID`, `Cab_ID`) VALUES (12567, '19:17:33', '331 Kertzmann Run Suite 476\nLake Ladarius, RI 22764-9334', '175 Marion Course\nNorth Doylefort, FL 80694', 644217, 18233, 1636);
INSERT INTO `ride` (`Ride_ID`, `Dropoff_Time`, `Pickup_Location`, `Dropoff_Location`, `Request_ID`, `Driver_ID`, `Cab_ID`) VALUES (13133, '12:34:03', '49460 Keebler Ranch\nLangworthberg, IL 61653-2447', '6288 Casimer Way Suite 216\nDooleyshire, NJ 13909-9812', 33735207, 90156, 8885);
INSERT INTO `ride` (`Ride_ID`, `Dropoff_Time`, `Pickup_Location`, `Dropoff_Location`, `Request_ID`, `Driver_ID`, `Cab_ID`) VALUES (13281, '07:56:44', '143 Heaney Passage Apt. 345\nWest Mckayla, NH 09964-9728', '48175 Macejkovic Brooks Suite 760\nLangburgh, MN 47206', 6824357, 52722, 4810);
INSERT INTO `ride` (`Ride_ID`, `Dropoff_Time`, `Pickup_Location`, `Dropoff_Location`, `Request_ID`, `Driver_ID`, `Cab_ID`) VALUES (13764, '18:35:18', '07304 Zemlak Village\nSporerside, OH 95147-4538', '7003 Ephraim Pike\nWest Assunta, NC 02712-6951', 4717357, 38510, 2805);
INSERT INTO `ride` (`Ride_ID`, `Dropoff_Time`, `Pickup_Location`, `Dropoff_Location`, `Request_ID`, `Driver_ID`, `Cab_ID`) VALUES (15089, '15:54:23', '252 Jalyn Mount Apt. 029\nWest Goldamouth, TN 39057-3083', '0746 Fisher Centers Apt. 473\nPort Allieview, OH 51478-9419', 58619989, 94190, 9251);
INSERT INTO `ride` (`Ride_ID`, `Dropoff_Time`, `Pickup_Location`, `Dropoff_Location`, `Request_ID`, `Driver_ID`, `Cab_ID`) VALUES (15367, '15:40:32', '01953 Amanda Pike\nPort Antone, NE 12964', '817 Kulas Green Apt. 704\nPort Jensen, CO 00217-8971', 422852, 15840, 1276);
INSERT INTO `ride` (`Ride_ID`, `Dropoff_Time`, `Pickup_Location`, `Dropoff_Location`, `Request_ID`, `Driver_ID`, `Cab_ID`) VALUES (16554, '14:55:31', '43201 Kertzmann Hills\nNoemieville, AK 89259', '97517 Valentine Club\nBeverlychester, MS 79835', 11164665, 85780, 8468);
INSERT INTO `ride` (`Ride_ID`, `Dropoff_Time`, `Pickup_Location`, `Dropoff_Location`, `Request_ID`, `Driver_ID`, `Cab_ID`) VALUES (17000, '06:32:28', '16335 Oberbrunner Walks\nNorth Marlenefort, MI 76490', '6964 Harold Grove Suite 977\nSouth Ernaside, LA 00634', 6202511, 48597, 3867);
INSERT INTO `ride` (`Ride_ID`, `Dropoff_Time`, `Pickup_Location`, `Dropoff_Location`, `Request_ID`, `Driver_ID`, `Cab_ID`) VALUES (17807, '19:26:10', '3103 Kihn Lake\nDayanashire, GA 29323-9844', '38059 Welch Crossing\nSouth Jarenville, NJ 00191-2965', 5434729, 46525, 3414);
INSERT INTO `ride` (`Ride_ID`, `Dropoff_Time`, `Pickup_Location`, `Dropoff_Location`, `Request_ID`, `Driver_ID`, `Cab_ID`) VALUES (18079, '07:48:51', '7361 Lorenzo Shoals\nNorth Wilhelmine, MO 38046', '738 Feeney Mall Suite 355\nPort Irving, ME 34062-9533', 8348046, 63904, 5963);
INSERT INTO `ride` (`Ride_ID`, `Dropoff_Time`, `Pickup_Location`, `Dropoff_Location`, `Request_ID`, `Driver_ID`, `Cab_ID`) VALUES (21364, '02:14:41', '4126 Emmie Flat Apt. 027\nWest Conorland, WV 14639-4609', '377 Daniella Passage\nEast Lizeth, DE 86163-6290', 7334119, 55191, 5158);
INSERT INTO `ride` (`Ride_ID`, `Dropoff_Time`, `Pickup_Location`, `Dropoff_Location`, `Request_ID`, `Driver_ID`, `Cab_ID`) VALUES (23004, '19:09:49', '9995 Johns Divide Apt. 867\nConsidineberg, AL 31124', '82663 Zulauf Spur\nGiovannyborough, AR 69186', 7512199, 58168, 5404);
INSERT INTO `ride` (`Ride_ID`, `Dropoff_Time`, `Pickup_Location`, `Dropoff_Location`, `Request_ID`, `Driver_ID`, `Cab_ID`) VALUES (23267, '14:22:15', '6594 Earnestine Loop\nEast Madelineville, AR 55546', '36582 Mittie Ranch Apt. 965\nNorth Kayleigh, MS 61948', 7325680, 54019, 5062);
INSERT INTO `ride` (`Ride_ID`, `Dropoff_Time`, `Pickup_Location`, `Dropoff_Location`, `Request_ID`, `Driver_ID`, `Cab_ID`) VALUES (23442, '18:20:52', '68197 Toy Radial\nSouth Keaganfort, MD 51847', '35221 Murazik Mountains\nLake Bettiefort, NM 83313-5553', 9082580, 71975, 7342);
INSERT INTO `ride` (`Ride_ID`, `Dropoff_Time`, `Pickup_Location`, `Dropoff_Location`, `Request_ID`, `Driver_ID`, `Cab_ID`) VALUES (23572, '16:35:00', '6726 Hoppe Brooks\nJonasside, MI 26385-7420', '77965 Oswaldo Light\nAlexaneshire, ID 41105-6630', 7827024, 58709, 5475);
INSERT INTO `ride` (`Ride_ID`, `Dropoff_Time`, `Pickup_Location`, `Dropoff_Location`, `Request_ID`, `Driver_ID`, `Cab_ID`) VALUES (24342, '02:24:16', '0021 Gutmann Valley\nPort Conor, WI 19181-4854', '75995 Cartwright Club\nEast Leo, IN 32723-0049', 9582099, 81188, 7759);
INSERT INTO `ride` (`Ride_ID`, `Dropoff_Time`, `Pickup_Location`, `Dropoff_Location`, `Request_ID`, `Driver_ID`, `Cab_ID`) VALUES (25836, '02:37:56', '5043 Morar Wells Suite 201\nWest Aubrey, GA 34555', '866 Keyon Brook Suite 689\nGradyfort, ID 78156-0356', 7944510, 59547, 5624);
INSERT INTO `ride` (`Ride_ID`, `Dropoff_Time`, `Pickup_Location`, `Dropoff_Location`, `Request_ID`, `Driver_ID`, `Cab_ID`) VALUES (25837, '21:52:45', '508 Darion Branch Suite 336\nSouth Dominique, IN 61333-3346', '109 Salvatore Tunnel\nWest Lucasbury, AZ 92417-3423', 1796365, 20849, 1773);
INSERT INTO `ride` (`Ride_ID`, `Dropoff_Time`, `Pickup_Location`, `Dropoff_Location`, `Request_ID`, `Driver_ID`, `Cab_ID`) VALUES (27219, '00:22:53', '4621 Coleman Passage Apt. 074\nWest Freidaview, NV 62717', '83201 Grimes Overpass\nPort Lottie, FL 78583', 3137454, 32882, 2425);
INSERT INTO `ride` (`Ride_ID`, `Dropoff_Time`, `Pickup_Location`, `Dropoff_Location`, `Request_ID`, `Driver_ID`, `Cab_ID`) VALUES (28866, '08:52:18', '46090 Marilie Extensions\nOrnside, ID 16775', '651 Damien Plain\nMarinamouth, HI 99017-7307', 266336150, 96024, 9463);
INSERT INTO `ride` (`Ride_ID`, `Dropoff_Time`, `Pickup_Location`, `Dropoff_Location`, `Request_ID`, `Driver_ID`, `Cab_ID`) VALUES (29988, '22:24:59', '2474 Wolff Walks Suite 080\nLuraton, WI 11868', '413 Geovany Harbors\nStrosinport, GA 45408', 456102558, 96141, 9633);
INSERT INTO `ride` (`Ride_ID`, `Dropoff_Time`, `Pickup_Location`, `Dropoff_Location`, `Request_ID`, `Driver_ID`, `Cab_ID`) VALUES (30983, '03:12:15', '354 Ernestina Tunnel Suite 009\nWisozkside, ME 79434-7239', '257 Eden Avenue Apt. 417\nLake Rickyshire, AK 19145', 8767352, 70099, 7233);
INSERT INTO `ride` (`Ride_ID`, `Dropoff_Time`, `Pickup_Location`, `Dropoff_Location`, `Request_ID`, `Driver_ID`, `Cab_ID`) VALUES (34068, '07:41:03', '184 Ricky Trafficway Apt. 767\nLake Courtney, CO 87168-9639', '3491 Earlene Mount Suite 330\nAltheaport, IA 67595-2070', 2182415, 23946, 1815);
INSERT INTO `ride` (`Ride_ID`, `Dropoff_Time`, `Pickup_Location`, `Dropoff_Location`, `Request_ID`, `Driver_ID`, `Cab_ID`) VALUES (37024, '21:39:04', '644 O\'Keefe Trafficway\nSouth Mikayla, AK 26649', '3705 Prince Ports\nMaybellbury, AL 16781', 10500699, 83076, 8383);
INSERT INTO `ride` (`Ride_ID`, `Dropoff_Time`, `Pickup_Location`, `Dropoff_Location`, `Request_ID`, `Driver_ID`, `Cab_ID`) VALUES (37953, '16:29:17', '7661 Stoltenberg Estates Suite 052\nPort Tituschester, MO 82163-9792', '411 Hand Summit Suite 327\nPort Ardenland, MD 28866', 5676367, 46783, 3608);
INSERT INTO `ride` (`Ride_ID`, `Dropoff_Time`, `Pickup_Location`, `Dropoff_Location`, `Request_ID`, `Driver_ID`, `Cab_ID`) VALUES (38624, '07:53:34', '768 Johns Mall\nLake Jaleel, AL 34879-7275', '286 Lambert Crescent Suite 213\nPort Jayda, AL 82036', 4411236, 38230, 2786);
INSERT INTO `ride` (`Ride_ID`, `Dropoff_Time`, `Pickup_Location`, `Dropoff_Location`, `Request_ID`, `Driver_ID`, `Cab_ID`) VALUES (38751, '09:05:24', '153 Nicholaus Lodge\nKesslerport, OH 72716', '3236 McClure Avenue Apt. 671\nWest Carleyberg, AR 98749', 9384683, 75861, 7588);
INSERT INTO `ride` (`Ride_ID`, `Dropoff_Time`, `Pickup_Location`, `Dropoff_Location`, `Request_ID`, `Driver_ID`, `Cab_ID`) VALUES (40455, '02:44:22', '75441 Prohaska Prairie Suite 093\nGerhardberg, LA 87066', '94723 Erika Mill Suite 425\nBlandafort, WI 44568', 4996891, 39798, 3061);
INSERT INTO `ride` (`Ride_ID`, `Dropoff_Time`, `Pickup_Location`, `Dropoff_Location`, `Request_ID`, `Driver_ID`, `Cab_ID`) VALUES (42044, '14:53:46', '64166 Breitenberg Ridge\nLake Timothyland, PA 33351-2988', '450 Allie Loop\nWest Angelina, NH 25734', 7779961, 58525, 5428);
INSERT INTO `ride` (`Ride_ID`, `Dropoff_Time`, `Pickup_Location`, `Dropoff_Location`, `Request_ID`, `Driver_ID`, `Cab_ID`) VALUES (43195, '02:39:15', '702 Moen Roads\nNew Nigelberg, MA 22824-1937', '8527 Shannon Shores Apt. 802\nSashafurt, IA 67259-4707', 6645696, 52246, 4529);
INSERT INTO `ride` (`Ride_ID`, `Dropoff_Time`, `Pickup_Location`, `Dropoff_Location`, `Request_ID`, `Driver_ID`, `Cab_ID`) VALUES (43509, '19:00:08', '767 Gleichner Divide\nBetteland, OK 30064', '464 Vena Hill Suite 360\nBeattyland, VA 67496-8954', 3177103, 33299, 2455);
INSERT INTO `ride` (`Ride_ID`, `Dropoff_Time`, `Pickup_Location`, `Dropoff_Location`, `Request_ID`, `Driver_ID`, `Cab_ID`) VALUES (44112, '05:47:36', '207 Kilback Village Apt. 438\nNew Glennieview, WA 32672', '14045 Jennings Crest\nSouth Vergiechester, KY 00990-7734', 8076010, 62532, 5818);
INSERT INTO `ride` (`Ride_ID`, `Dropoff_Time`, `Pickup_Location`, `Dropoff_Location`, `Request_ID`, `Driver_ID`, `Cab_ID`) VALUES (45012, '13:32:12', '450 Marjolaine Gardens\nNew Aldenshire, WV 46735', '0966 Arielle Well\nSigridhaven, WY 32246', 6376701, 48660, 3949);
INSERT INTO `ride` (`Ride_ID`, `Dropoff_Time`, `Pickup_Location`, `Dropoff_Location`, `Request_ID`, `Driver_ID`, `Cab_ID`) VALUES (45211, '10:28:15', '09644 Bergnaum Ferry\nEast Krystina, DE 94931-8876', '666 Jaycee Turnpike Apt. 662\nAlisonmouth, CT 66183-6108', 8633709, 66114, 6265);
INSERT INTO `ride` (`Ride_ID`, `Dropoff_Time`, `Pickup_Location`, `Dropoff_Location`, `Request_ID`, `Driver_ID`, `Cab_ID`) VALUES (46671, '09:38:27', '8571 Torrance Ranch\nEast Janytown, PA 66709', '84461 Dolores Point Suite 232\nMarjorieville, VA 55183', 5421459, 46234, 3375);
INSERT INTO `ride` (`Ride_ID`, `Dropoff_Time`, `Pickup_Location`, `Dropoff_Location`, `Request_ID`, `Driver_ID`, `Cab_ID`) VALUES (47012, '16:02:18', '3511 Golda Mission\nNorth Laylastad, MS 77595-2866', '29314 Lind Brooks\nNaomieberg, MN 68607-0292', 407425, 15135, 1122);
INSERT INTO `ride` (`Ride_ID`, `Dropoff_Time`, `Pickup_Location`, `Dropoff_Location`, `Request_ID`, `Driver_ID`, `Cab_ID`) VALUES (48791, '15:44:08', '99586 Mylene Canyon\nLake Candacechester, SC 65022', '0433 Williamson Forge\nAurelieport, AZ 52013', 254460, 14306, 1050);
INSERT INTO `ride` (`Ride_ID`, `Dropoff_Time`, `Pickup_Location`, `Dropoff_Location`, `Request_ID`, `Driver_ID`, `Cab_ID`) VALUES (49156, '11:07:33', '69111 Kerluke Tunnel Apt. 716\nVanessamouth, AL 00947', '33500 Kavon Courts Apt. 870\nPort Mathew, UT 73891-8200', 8823728, 70255, 7269);
INSERT INTO `ride` (`Ride_ID`, `Dropoff_Time`, `Pickup_Location`, `Dropoff_Location`, `Request_ID`, `Driver_ID`, `Cab_ID`) VALUES (50177, '08:37:35', '145 Larson Centers\nTerencetown, ND 98424', '79243 Lindsey Islands\nSouth Lloydfurt, NH 84541', 2532457, 25024, 2080);
INSERT INTO `ride` (`Ride_ID`, `Dropoff_Time`, `Pickup_Location`, `Dropoff_Location`, `Request_ID`, `Driver_ID`, `Cab_ID`) VALUES (53079, '00:32:17', '5746 Reggie Pike Apt. 259\nAnjaliton, GA 04407', '6514 Smith Courts\nPort Timmothy, UT 99345', 2231045, 24416, 1890);
INSERT INTO `ride` (`Ride_ID`, `Dropoff_Time`, `Pickup_Location`, `Dropoff_Location`, `Request_ID`, `Driver_ID`, `Cab_ID`) VALUES (53479, '09:33:13', '75118 Rau Cove\nPort Kianside, ND 90631-3294', '46036 Bogan Tunnel\nHaileyberg, NC 99228-3155', 6960416, 53313, 4918);
INSERT INTO `ride` (`Ride_ID`, `Dropoff_Time`, `Pickup_Location`, `Dropoff_Location`, `Request_ID`, `Driver_ID`, `Cab_ID`) VALUES (53553, '03:47:18', '8636 Lon Park Suite 599\nNorth Laurence, OK 22824-1320', '480 Sauer Hills Apt. 620\nLake Chaz, NH 65552-1374', 9513266, 78189, 7653);
INSERT INTO `ride` (`Ride_ID`, `Dropoff_Time`, `Pickup_Location`, `Dropoff_Location`, `Request_ID`, `Driver_ID`, `Cab_ID`) VALUES (53768, '03:50:53', '759 O\'Kon Burgs Apt. 622\nEast Karlee, TX 60963-2117', '9100 Glover Springs Suite 665\nEast Verdiefort, TN 97216', 5027785, 41490, 3085);
INSERT INTO `ride` (`Ride_ID`, `Dropoff_Time`, `Pickup_Location`, `Dropoff_Location`, `Request_ID`, `Driver_ID`, `Cab_ID`) VALUES (54273, '11:30:38', '42528 O\'Conner Vista Suite 461\nNorth Selmer, MT 47588', '502 Schroeder Shoals Suite 215\nSedrickview, MT 25384', 3049592, 31958, 2383);
INSERT INTO `ride` (`Ride_ID`, `Dropoff_Time`, `Pickup_Location`, `Dropoff_Location`, `Request_ID`, `Driver_ID`, `Cab_ID`) VALUES (56090, '07:43:00', '12896 Casey Road\nWest Enola, RI 62257-6856', '595 Herman Street\nNorth Patsy, FL 18947', 78584235, 94857, 9362);
INSERT INTO `ride` (`Ride_ID`, `Dropoff_Time`, `Pickup_Location`, `Dropoff_Location`, `Request_ID`, `Driver_ID`, `Cab_ID`) VALUES (57085, '14:01:50', '8392 Victor Dam Suite 123\nFerryport, NE 91517', '70132 Jaskolski Pass\nHesselberg, TX 58177-8977', 111314313, 95463, 9427);
INSERT INTO `ride` (`Ride_ID`, `Dropoff_Time`, `Pickup_Location`, `Dropoff_Location`, `Request_ID`, `Driver_ID`, `Cab_ID`) VALUES (57154, '12:25:33', '4559 Corkery River\nStehrborough, WI 90135-2359', '73359 West Ville Suite 030\nSarahfort, SD 40506-0571', 5800672, 47980, 3632);
INSERT INTO `ride` (`Ride_ID`, `Dropoff_Time`, `Pickup_Location`, `Dropoff_Location`, `Request_ID`, `Driver_ID`, `Cab_ID`) VALUES (58518, '10:53:28', '87806 Kyra Plain Suite 516\nMcLaughlintown, NV 48137-2150', '23747 Dicki Track Suite 517\nNew Agustin, WI 93816', 7912239, 58958, 5568);
INSERT INTO `ride` (`Ride_ID`, `Dropoff_Time`, `Pickup_Location`, `Dropoff_Location`, `Request_ID`, `Driver_ID`, `Cab_ID`) VALUES (59338, '07:20:06', '399 Funk Burgs Suite 817\nDorcasburgh, RI 95956-9786', '7089 Weimann Ranch\nSouth Golden, SC 58246-7692', 3743563, 36461, 2579);
INSERT INTO `ride` (`Ride_ID`, `Dropoff_Time`, `Pickup_Location`, `Dropoff_Location`, `Request_ID`, `Driver_ID`, `Cab_ID`) VALUES (59474, '12:05:06', '3786 Summer Pike Suite 360\nDickensstad, NM 16849', '6725 Boehm Terrace\nNew Precious, DC 67558-3487', 9345501, 72692, 7402);
INSERT INTO `ride` (`Ride_ID`, `Dropoff_Time`, `Pickup_Location`, `Dropoff_Location`, `Request_ID`, `Driver_ID`, `Cab_ID`) VALUES (60170, '21:04:22', '3735 Balistreri Knolls\nDeborahtown, RI 70575-3979', '040 Domenick Villages Apt. 003\nKundeburgh, WV 06822-1423', 37096384, 90811, 8954);
INSERT INTO `ride` (`Ride_ID`, `Dropoff_Time`, `Pickup_Location`, `Dropoff_Location`, `Request_ID`, `Driver_ID`, `Cab_ID`) VALUES (60519, '09:07:37', '4337 Aisha Unions Apt. 260\nConsidinestad, IA 38566', '5144 Miller Shore\nNorbertoborough, MS 08051', 9338909, 71998, 7355);
INSERT INTO `ride` (`Ride_ID`, `Dropoff_Time`, `Pickup_Location`, `Dropoff_Location`, `Request_ID`, `Driver_ID`, `Cab_ID`) VALUES (61087, '22:00:53', '9631 Joan Union\nAnkundinghaven, SD 94175', '5066 Wisoky Shores\nEast Rolandoside, WI 38394-9737', 8861720, 71006, 7276);
INSERT INTO `ride` (`Ride_ID`, `Dropoff_Time`, `Pickup_Location`, `Dropoff_Location`, `Request_ID`, `Driver_ID`, `Cab_ID`) VALUES (61197, '15:54:01', '9176 Estell Fall\nIsmaelshire, MI 74529-2511', '026 McKenzie Prairie\nAnnabellehaven, MD 21273', 2614784, 29034, 2255);
INSERT INTO `ride` (`Ride_ID`, `Dropoff_Time`, `Pickup_Location`, `Dropoff_Location`, `Request_ID`, `Driver_ID`, `Cab_ID`) VALUES (61842, '11:10:06', '56756 Lisa Unions\nDericktown, ID 85193', '300 Mills Forks Apt. 472\nEast Fionaborough, VA 11538', 8051471, 61775, 5637);
INSERT INTO `ride` (`Ride_ID`, `Dropoff_Time`, `Pickup_Location`, `Dropoff_Location`, `Request_ID`, `Driver_ID`, `Cab_ID`) VALUES (64194, '12:50:01', '12636 Bessie Well Suite 940\nHerzogbury, MD 43665', '188 Funk Hill\nNorth Destini, ND 66127-2049', 8494263, 65035, 6262);
INSERT INTO `ride` (`Ride_ID`, `Dropoff_Time`, `Pickup_Location`, `Dropoff_Location`, `Request_ID`, `Driver_ID`, `Cab_ID`) VALUES (64389, '19:17:56', '15726 Gunner Mill\nEast Sean, WV 32730-3716', '87871 Metz Mountains Apt. 409\nBeahanfort, ME 91859-7394', 4728819, 39259, 2947);
INSERT INTO `ride` (`Ride_ID`, `Dropoff_Time`, `Pickup_Location`, `Dropoff_Location`, `Request_ID`, `Driver_ID`, `Cab_ID`) VALUES (66133, '11:04:19', '7165 Merlin Knolls Suite 679\nLakinview, MD 08497', '5571 Laverne Islands Suite 795\nSouth Shannastad, NH 93802', 2541721, 28977, 2154);
INSERT INTO `ride` (`Ride_ID`, `Dropoff_Time`, `Pickup_Location`, `Dropoff_Location`, `Request_ID`, `Driver_ID`, `Cab_ID`) VALUES (66159, '20:44:40', '736 Hauck Grove Apt. 956\nPort Penelope, ND 72451', '419 Ella Plaza\nSouth Inesburgh, WA 23312', 16141786, 89326, 8829);
INSERT INTO `ride` (`Ride_ID`, `Dropoff_Time`, `Pickup_Location`, `Dropoff_Location`, `Request_ID`, `Driver_ID`, `Cab_ID`) VALUES (66510, '02:23:48', '2115 Boyer Station\nLake Berniecetown, MN 07779-5053', '950 Edmond Mountain Apt. 893\nGuiseppeburgh, GA 97340', 4376080, 37528, 2758);
INSERT INTO `ride` (`Ride_ID`, `Dropoff_Time`, `Pickup_Location`, `Dropoff_Location`, `Request_ID`, `Driver_ID`, `Cab_ID`) VALUES (67703, '05:25:46', '0468 Lennie Squares\nJosefinaport, VT 73275-6202', '514 Blanda Lodge Suite 296\nRosenbaumview, CT 41133', 3695084, 34518, 2516);
INSERT INTO `ride` (`Ride_ID`, `Dropoff_Time`, `Pickup_Location`, `Dropoff_Location`, `Request_ID`, `Driver_ID`, `Cab_ID`) VALUES (68028, '23:14:23', '93163 Raheem Prairie\nWest Alia, ND 89876-8123', '1207 Reinger Course Apt. 335\nJonathonberg, WY 67546', 3425661, 33583, 2478);
INSERT INTO `ride` (`Ride_ID`, `Dropoff_Time`, `Pickup_Location`, `Dropoff_Location`, `Request_ID`, `Driver_ID`, `Cab_ID`) VALUES (69202, '16:57:12', '4687 Rodolfo Ports Apt. 375\nWest Pearlineview, MI 51228-9815', '045 Shields Avenue Apt. 493\nPort Antoneburgh, MN 81616', 3942486, 37018, 2739);
INSERT INTO `ride` (`Ride_ID`, `Dropoff_Time`, `Pickup_Location`, `Dropoff_Location`, `Request_ID`, `Driver_ID`, `Cab_ID`) VALUES (70507, '17:34:04', '9687 Pouros Creek Apt. 481\nNorth Susanna, NV 28878', '211 Parisian Forges Suite 017\nWiegandchester, MO 67393', 486523670, 96209, 9635);
INSERT INTO `ride` (`Ride_ID`, `Dropoff_Time`, `Pickup_Location`, `Dropoff_Location`, `Request_ID`, `Driver_ID`, `Cab_ID`) VALUES (70726, '00:08:46', '42339 Howe Spring Apt. 077\nWest Enrique, TX 44556-0333', '9687 Lowe Avenue Apt. 399\nEast Kaelynland, DE 15199', 6382752, 48698, 4175);
INSERT INTO `ride` (`Ride_ID`, `Dropoff_Time`, `Pickup_Location`, `Dropoff_Location`, `Request_ID`, `Driver_ID`, `Cab_ID`) VALUES (71036, '15:25:55', '52901 Ransom Drive\nKassulkeland, AZ 23653', '53620 Barrows Bridge Apt. 475\nWest Shirleymouth, AK 85833-1791', 11849636, 85799, 8487);
INSERT INTO `ride` (`Ride_ID`, `Dropoff_Time`, `Pickup_Location`, `Dropoff_Location`, `Request_ID`, `Driver_ID`, `Cab_ID`) VALUES (71363, '21:11:19', '3613 Lenore Plaza Apt. 517\nNew Salmamouth, OK 35481', '1326 Pat Track\nEast Jademouth, MT 35801', 40487468, 92328, 9101);
INSERT INTO `ride` (`Ride_ID`, `Dropoff_Time`, `Pickup_Location`, `Dropoff_Location`, `Request_ID`, `Driver_ID`, `Cab_ID`) VALUES (71819, '06:48:17', '68456 Langworth Junction Suite 359\nNew Adonisside, CO 64146-7220', '6597 Santos Trail Apt. 709\nOrphaview, WI 29826', 76690019, 94514, 9290);
INSERT INTO `ride` (`Ride_ID`, `Dropoff_Time`, `Pickup_Location`, `Dropoff_Location`, `Request_ID`, `Driver_ID`, `Cab_ID`) VALUES (72419, '18:24:39', '539 Zemlak Well\nKossville, NY 53129-6222', '986 Hayes Run\nPort Chandlerside, MS 31149', 9375277, 73579, 7549);
INSERT INTO `ride` (`Ride_ID`, `Dropoff_Time`, `Pickup_Location`, `Dropoff_Location`, `Request_ID`, `Driver_ID`, `Cab_ID`) VALUES (73218, '06:20:22', '50951 Kovacek Viaduct\nPort Cortney, MI 57736-6986', '7776 Gutmann Forges Apt. 870\nFlatleystad, KY 27889', 7357807, 56212, 5281);
INSERT INTO `ride` (`Ride_ID`, `Dropoff_Time`, `Pickup_Location`, `Dropoff_Location`, `Request_ID`, `Driver_ID`, `Cab_ID`) VALUES (73868, '22:45:53', '200 Bode Isle\nJonathanville, PA 49772-9451', '1061 Angelo Bridge\nNorth Adriannafurt, CO 41499', 8714900, 69100, 6725);
INSERT INTO `ride` (`Ride_ID`, `Dropoff_Time`, `Pickup_Location`, `Dropoff_Location`, `Request_ID`, `Driver_ID`, `Cab_ID`) VALUES (74982, '23:41:33', '423 Abshire Unions\nEast Norbertside, AR 62463', '364 Leuschke Lodge Suite 445\nHeaneytown, AZ 42359', 6832876, 53031, 4886);
INSERT INTO `ride` (`Ride_ID`, `Dropoff_Time`, `Pickup_Location`, `Dropoff_Location`, `Request_ID`, `Driver_ID`, `Cab_ID`) VALUES (75126, '01:17:46', '015 Ferry Vista\nSouth Yessenia, VT 73051', '4199 Crooks Forge Apt. 979\nWest Carole, AR 22092', 8273005, 63892, 5950);
INSERT INTO `ride` (`Ride_ID`, `Dropoff_Time`, `Pickup_Location`, `Dropoff_Location`, `Request_ID`, `Driver_ID`, `Cab_ID`) VALUES (75226, '23:48:03', '781 Rolfson Lakes\nVernermouth, TX 82775-7372', '266 Muller Center Suite 212\nSchillertown, IL 07714', 8001057, 60885, 5636);
INSERT INTO `ride` (`Ride_ID`, `Dropoff_Time`, `Pickup_Location`, `Dropoff_Location`, `Request_ID`, `Driver_ID`, `Cab_ID`) VALUES (76504, '23:00:53', '94837 Theresia Creek\nCarmelaland, WV 62545-2062', '142 Pfannerstill Center Suite 635\nNorth Kaylinfurt, GA 12204', 507316, 17292, 1513);
INSERT INTO `ride` (`Ride_ID`, `Dropoff_Time`, `Pickup_Location`, `Dropoff_Location`, `Request_ID`, `Driver_ID`, `Cab_ID`) VALUES (77375, '12:56:25', '275 Stiedemann Mall\nKrajcikshire, IN 32715', '06703 Heloise Station\nHectortown, VT 21375-0149', 5116018, 45943, 3206);
INSERT INTO `ride` (`Ride_ID`, `Dropoff_Time`, `Pickup_Location`, `Dropoff_Location`, `Request_ID`, `Driver_ID`, `Cab_ID`) VALUES (77952, '00:56:31', '5273 Schumm Crossroad Apt. 205\nZacharybury, SD 39716', '358 Johnston Spur Suite 964\nRautown, IA 23562-9218', 6534638, 49690, 4364);
INSERT INTO `ride` (`Ride_ID`, `Dropoff_Time`, `Pickup_Location`, `Dropoff_Location`, `Request_ID`, `Driver_ID`, `Cab_ID`) VALUES (78444, '15:32:47', '0772 Abraham Rue\nBaronberg, NH 80540', '9664 Kreiger Shores\nWunschmouth, CO 36018-5253', 47353153, 93870, 9222);
INSERT INTO `ride` (`Ride_ID`, `Dropoff_Time`, `Pickup_Location`, `Dropoff_Location`, `Request_ID`, `Driver_ID`, `Cab_ID`) VALUES (78588, '22:18:39', '93925 Morar Trafficway\nCartwrightland, NM 39095-0807', '8385 Bernhard Passage Apt. 859\nO\'Keefeside, ND 70468', 6457120, 49684, 4321);
INSERT INTO `ride` (`Ride_ID`, `Dropoff_Time`, `Pickup_Location`, `Dropoff_Location`, `Request_ID`, `Driver_ID`, `Cab_ID`) VALUES (78948, '09:47:42', '4259 Lora Crest Suite 375\nNew Charityton, GA 92550', '789 Kessler Wall\nLangside, CO 59827', 3803160, 36668, 2667);
INSERT INTO `ride` (`Ride_ID`, `Dropoff_Time`, `Pickup_Location`, `Dropoff_Location`, `Request_ID`, `Driver_ID`, `Cab_ID`) VALUES (79133, '20:09:00', '33782 Hagenes Courts Apt. 801\nNew Ora, MS 44948-8254', '3491 Armstrong Cliff\nJaskolskiville, NH 10357-1195', 19707293, 89564, 8859);
INSERT INTO `ride` (`Ride_ID`, `Dropoff_Time`, `Pickup_Location`, `Dropoff_Location`, `Request_ID`, `Driver_ID`, `Cab_ID`) VALUES (81787, '16:03:10', '78031 Hessel Trail Apt. 133\nLake Nicholestad, PA 69235-6478', '19466 Jakubowski Radial\nNew Cotyside, NH 46169', 5396126, 46026, 3229);
INSERT INTO `ride` (`Ride_ID`, `Dropoff_Time`, `Pickup_Location`, `Dropoff_Location`, `Request_ID`, `Driver_ID`, `Cab_ID`) VALUES (82610, '02:35:52', '654 Nigel Walks Apt. 457\nLake Esther, KS 33768-8908', '10455 Hailie Flats Suite 075\nKubton, WY 48382-9338', 9365093, 73231, 7487);
INSERT INTO `ride` (`Ride_ID`, `Dropoff_Time`, `Pickup_Location`, `Dropoff_Location`, `Request_ID`, `Driver_ID`, `Cab_ID`) VALUES (83876, '10:37:37', '1849 Stamm Path Apt. 847\nAndreannetown, IA 80835', '44421 McCullough Mount\nDibbertview, HI 82381-2791', 8677406, 67680, 6687);
INSERT INTO `ride` (`Ride_ID`, `Dropoff_Time`, `Pickup_Location`, `Dropoff_Location`, `Request_ID`, `Driver_ID`, `Cab_ID`) VALUES (84722, '03:05:08', '25455 Medhurst Street Suite 911\nJacobiland, ND 75345-5726', '75129 Marvin Fork\nJulianamouth, WY 53243', 767176261, 99680, 9943);
INSERT INTO `ride` (`Ride_ID`, `Dropoff_Time`, `Pickup_Location`, `Dropoff_Location`, `Request_ID`, `Driver_ID`, `Cab_ID`) VALUES (84758, '18:22:18', '43162 Ledner Stream\nEast Sanfordshire, OH 73902', '02380 Ankunding Fort Suite 556\nSouth Aminaland, OR 17944', 2742467, 31607, 2293);
INSERT INTO `ride` (`Ride_ID`, `Dropoff_Time`, `Pickup_Location`, `Dropoff_Location`, `Request_ID`, `Driver_ID`, `Cab_ID`) VALUES (85187, '10:34:02', '846 Flo Point Suite 072\nNew Mitchell, KS 40242-4304', '022 Alek Estate\nEast Melvina, WY 05765', 10693, 10000, 1014);
INSERT INTO `ride` (`Ride_ID`, `Dropoff_Time`, `Pickup_Location`, `Dropoff_Location`, `Request_ID`, `Driver_ID`, `Cab_ID`) VALUES (86445, '17:00:10', '1573 Haven Orchard Suite 753\nShieldsfort, WY 66111-3155', '0000 Huels Forge Apt. 038\nPort Grayce, HI 95382', 5055529, 44654, 3202);
INSERT INTO `ride` (`Ride_ID`, `Dropoff_Time`, `Pickup_Location`, `Dropoff_Location`, `Request_ID`, `Driver_ID`, `Cab_ID`) VALUES (87901, '06:45:59', '831 Hammes Mount Apt. 653\nOrnhaven, MD 45182', '780 Titus Turnpike\nSophiafort, NJ 98798', 646744636, 98916, 9899);
INSERT INTO `ride` (`Ride_ID`, `Dropoff_Time`, `Pickup_Location`, `Dropoff_Location`, `Request_ID`, `Driver_ID`, `Cab_ID`) VALUES (88294, '03:49:24', '535 Nicolette Roads\nNorth Eveport, ID 29383-5503', '6727 Jones Road\nWest Cyrus, ME 05078-8843', 12959274, 86949, 8773);
INSERT INTO `ride` (`Ride_ID`, `Dropoff_Time`, `Pickup_Location`, `Dropoff_Location`, `Request_ID`, `Driver_ID`, `Cab_ID`) VALUES (88766, '01:35:38', '34705 Chesley Flat Apt. 769\nLake Tyra, MI 60837', '756 Osinski Stream\nWunschborough, ID 91088', 7278752, 53672, 4932);
INSERT INTO `ride` (`Ride_ID`, `Dropoff_Time`, `Pickup_Location`, `Dropoff_Location`, `Request_ID`, `Driver_ID`, `Cab_ID`) VALUES (88952, '18:36:30', '44055 Gibson Streets Suite 852\nToreyton, NY 09806', '7549 Carroll Lock Suite 026\nLindland, HI 52230-1593', 41416272, 92456, 9123);
INSERT INTO `ride` (`Ride_ID`, `Dropoff_Time`, `Pickup_Location`, `Dropoff_Location`, `Request_ID`, `Driver_ID`, `Cab_ID`) VALUES (89684, '11:34:17', '993 Mueller Gateway Suite 597\nMajorborough, WV 50334', '98722 Kreiger Street Apt. 488\nJorgefort, MS 55951-4969', 9938574, 82850, 8263);
INSERT INTO `ride` (`Ride_ID`, `Dropoff_Time`, `Pickup_Location`, `Dropoff_Location`, `Request_ID`, `Driver_ID`, `Cab_ID`) VALUES (90554, '16:01:18', '23854 McClure Ports Apt. 817\nMosciskiburgh, AK 92513', '78807 Pfeffer Island Suite 041\nWest Ivahtown, NY 85608', 1941484, 23437, 1812);
INSERT INTO `ride` (`Ride_ID`, `Dropoff_Time`, `Pickup_Location`, `Dropoff_Location`, `Request_ID`, `Driver_ID`, `Cab_ID`) VALUES (94995, '03:32:37', '77738 Beier Port Apt. 020\nNew Maceyhaven, OR 22147-5601', '94964 Kuvalis River Apt. 087\nStromanport, ND 09465-0633', 631563, 17456, 1604);
INSERT INTO `ride` (`Ride_ID`, `Dropoff_Time`, `Pickup_Location`, `Dropoff_Location`, `Request_ID`, `Driver_ID`, `Cab_ID`) VALUES (95239, '00:10:18', '2949 Crooks Run Suite 174\nWest Milan, TX 31775-8185', '781 Russel Road\nJettmouth, IN 65800-8612', 1642726, 20486, 1759);
INSERT INTO `ride` (`Ride_ID`, `Dropoff_Time`, `Pickup_Location`, `Dropoff_Location`, `Request_ID`, `Driver_ID`, `Cab_ID`) VALUES (95998, '00:04:41', '4802 Else Inlet\nCristianview, GA 39497', '047 Jones Run Suite 630\nEnolaport, ID 44773', 11094321, 83526, 8407);
INSERT INTO `ride` (`Ride_ID`, `Dropoff_Time`, `Pickup_Location`, `Dropoff_Location`, `Request_ID`, `Driver_ID`, `Cab_ID`) VALUES (97133, '13:10:12', '232 Christian Crossroad\nNew Cullenview, AR 12879-7142', '40816 Torp Lake\nAlicemouth, IL 17740-4020', 5870666, 48477, 3687);
INSERT INTO `ride` (`Ride_ID`, `Dropoff_Time`, `Pickup_Location`, `Dropoff_Location`, `Request_ID`, `Driver_ID`, `Cab_ID`) VALUES (98520, '21:35:53', '16977 Dora Grove\nJailynborough, WA 97945', '90661 Pollich Brook Suite 332\nSouth Elizabethmouth, DE 76082-8525', 5643692, 46636, 3579);
SELECT * FROM call_a_cab.ride;

--
-- Table structure for table `ride_request`
--

DROP TABLE IF EXISTS `ride_request`;

CREATE TABLE `ride_request` (
  `Request_ID` int NOT NULL ,
  `Pickup_Location` varchar(150) NOT NULL,
  `Dropoff_Location` varchar(150) NOT NULL,
  `Passenger_ID` int DEFAULT NULL,
--   `Driver_Location` varchar(150) NOT NULL,
--   `Passenger Location` varchar(150) NOT NULL,
  PRIMARY KEY (`Request_ID`),
  KEY `Passenger_ID` (`Passenger_ID`),
  CONSTRAINT `ride_request_ibfk_1` FOREIGN KEY (`Passenger_ID`) REFERENCES `passenger_account` (`Passenger_ID`)
) ENGINE=InnoDB DEFAULT CHARSET=utf8mb4 COLLATE=utf8mb4_0900_ai_ci;
INSERT INTO `ride_request` (`Request_ID`, `Pickup_Location`, `Dropoff_Location`, `Passenger_ID`) VALUES (10693, '068 Marlon Spring\nBednarshire, IA 85955', '705 Seth Orchard Suite 817\nDanielaburgh, SC 68893-6726', 138);
INSERT INTO `ride_request` (`Request_ID`, `Pickup_Location`, `Dropoff_Location`, `Passenger_ID`) VALUES (254460, '5138 Keeling Overpass\nTarashire, TX 21266-3844', '96327 Winfield Terrace Apt. 472\nEast Eleanora, WI 17425-7622', 667);
INSERT INTO `ride_request` (`Request_ID`, `Pickup_Location`, `Dropoff_Location`, `Passenger_ID`) VALUES (407425, '563 Powlowski Knoll\nNorth Mosesport, VA 06412', '029 Lee Port Suite 581\nGaylordtown, IN 19493-9133', 30);
INSERT INTO `ride_request` (`Request_ID`, `Pickup_Location`, `Dropoff_Location`, `Passenger_ID`) VALUES (422852, '219 Legros Mills Suite 790\nLake Orin, NM 19032', '5015 Herzog Island\nTremblaystad, WA 46969', 892);
INSERT INTO `ride_request` (`Request_ID`, `Pickup_Location`, `Dropoff_Location`, `Passenger_ID`) VALUES (507316, '1636 Oliver Creek Suite 791\nStromanview, TN 58021-4746', '841 Yessenia Mall\nKossshire, RI 30368-4086', 737);
INSERT INTO `ride_request` (`Request_ID`, `Pickup_Location`, `Dropoff_Location`, `Passenger_ID`) VALUES (631563, '765 Wilburn Centers\nPort Beatrice, WI 55699', '37436 Gottlieb Lakes Suite 067\nGermaineport, IN 76324', 990);
INSERT INTO `ride_request` (`Request_ID`, `Pickup_Location`, `Dropoff_Location`, `Passenger_ID`) VALUES (644217, '61693 Ewald Inlet Apt. 915\nBogisichbury, WA 07913', '8588 Jazmyne Pine\nLorenahaven, NY 46275', 971);
INSERT INTO `ride_request` (`Request_ID`, `Pickup_Location`, `Dropoff_Location`, `Passenger_ID`) VALUES (1642726, '7264 McLaughlin Cliffs\nPort Ellsworthside, AZ 18974-2451', '2661 Gutmann Greens\nSouth Norbertstad, ME 36405', 421);
INSERT INTO `ride_request` (`Request_ID`, `Pickup_Location`, `Dropoff_Location`, `Passenger_ID`) VALUES (1796365, '6236 Jazmin Pine Suite 147\nSkilesberg, DC 41363', '8610 Santa Parks Suite 504\nLake Lucius, LA 04496-8361', 643);
INSERT INTO `ride_request` (`Request_ID`, `Pickup_Location`, `Dropoff_Location`, `Passenger_ID`) VALUES (1941484, '1707 Torp Forks Suite 388\nLake Emmaton, CA 70275-9305', '18558 Lockman Crest Suite 787\nKesslerberg, UT 19282', 735);
INSERT INTO `ride_request` (`Request_ID`, `Pickup_Location`, `Dropoff_Location`, `Passenger_ID`) VALUES (2182415, '29859 Monahan Lane Apt. 637\nSouth Grahamfurt, NY 63686', '70908 Levi Rest Apt. 137\nSouth Vita, CO 85784-2713', 143);
INSERT INTO `ride_request` (`Request_ID`, `Pickup_Location`, `Dropoff_Location`, `Passenger_ID`) VALUES (2231045, '1756 Nathaniel Camp Apt. 498\nNorth Emmetfort, OR 93783', '2661 Cruickshank Inlet Apt. 279\nEast Brendan, IA 57933', 360);
INSERT INTO `ride_request` (`Request_ID`, `Pickup_Location`, `Dropoff_Location`, `Passenger_ID`) VALUES (2532457, '4896 Wiza Haven Apt. 009\nNew Imeldastad, TN 41052', '816 Adelia Springs\nKarellemouth, PA 95028', 127);
INSERT INTO `ride_request` (`Request_ID`, `Pickup_Location`, `Dropoff_Location`, `Passenger_ID`) VALUES (2541721, '4623 Hansen Summit\nLake Deemouth, OK 45383', '929 Layne Light Apt. 774\nDenesikberg, AK 56620-9050', 477);
INSERT INTO `ride_request` (`Request_ID`, `Pickup_Location`, `Dropoff_Location`, `Passenger_ID`) VALUES (2614784, '5075 Wilkinson Ports Apt. 310\nLake Andreanne, HI 48615-7783', '85118 Frederique Streets\nNew Alizamouth, KY 04436-2081', 722);
INSERT INTO `ride_request` (`Request_ID`, `Pickup_Location`, `Dropoff_Location`, `Passenger_ID`) VALUES (2742467, '36542 Elyse Trace\nBrianmouth, OK 59924-0006', '83085 Abbott Rest\nReichelberg, MT 42561', 3);
INSERT INTO `ride_request` (`Request_ID`, `Pickup_Location`, `Dropoff_Location`, `Passenger_ID`) VALUES (3049592, '1950 Wiegand Extension Suite 497\nRossland, MI 24613', '76586 Greenfelder Burg Suite 162\nPort Zaneland, NJ 34116', 488);
INSERT INTO `ride_request` (`Request_ID`, `Pickup_Location`, `Dropoff_Location`, `Passenger_ID`) VALUES (3137454, '4439 Hansen Walk\nNew Ariellefort, WI 28397-6841', '7835 Bahringer Ranch Apt. 031\nPort Don, SD 45665-9514', 442);
INSERT INTO `ride_request` (`Request_ID`, `Pickup_Location`, `Dropoff_Location`, `Passenger_ID`) VALUES (3177103, '96842 Bernice Village Suite 651\nNew Clemens, NC 09071-9601', '61063 Shawna Tunnel Apt. 633\nLake Diana, ID 68587-4791', 955);
INSERT INTO `ride_request` (`Request_ID`, `Pickup_Location`, `Dropoff_Location`, `Passenger_ID`) VALUES (3425661, '2710 Little Mills\nValliebury, OH 15016', '00777 Barrett Mountains Apt. 179\nNorth Tod, ME 79129', 611);
INSERT INTO `ride_request` (`Request_ID`, `Pickup_Location`, `Dropoff_Location`, `Passenger_ID`) VALUES (3695084, '43885 Will Knolls\nNew Kurtis, LA 48328', '2391 Rosenbaum Course\nBerylchester, HI 00635-9686', 383);
INSERT INTO `ride_request` (`Request_ID`, `Pickup_Location`, `Dropoff_Location`, `Passenger_ID`) VALUES (3743563, '034 Kianna Knolls Suite 779\nSidshire, CO 56205-1813', '212 Langosh Shores Apt. 054\nLake Kavon, MS 41432', 534);
INSERT INTO `ride_request` (`Request_ID`, `Pickup_Location`, `Dropoff_Location`, `Passenger_ID`) VALUES (3803160, '858 Okuneva Plains\nRitchieborough, KY 40634-8402', '449 Halvorson Inlet Apt. 765\nJanaborough, KS 37718-4539', 609);
INSERT INTO `ride_request` (`Request_ID`, `Pickup_Location`, `Dropoff_Location`, `Passenger_ID`) VALUES (3942486, '978 Sawayn Corner Apt. 627\nEast Vernermouth, NY 40811-9264', '667 Irving Village\nHellermouth, SC 18935', 480);
INSERT INTO `ride_request` (`Request_ID`, `Pickup_Location`, `Dropoff_Location`, `Passenger_ID`) VALUES (4376080, '902 Loren Villages\nJuleshaven, AR 03466-8723', '291 Dortha Lodge Suite 643\nMcKenzieton, CA 06864-7197', 179);
INSERT INTO `ride_request` (`Request_ID`, `Pickup_Location`, `Dropoff_Location`, `Passenger_ID`) VALUES (4411236, '110 Kilback Drive Apt. 806\nTurnerport, KY 30278-6179', '007 Santa Island Suite 498\nPort Emily, RI 85740', 497);
INSERT INTO `ride_request` (`Request_ID`, `Pickup_Location`, `Dropoff_Location`, `Passenger_ID`) VALUES (4717357, '943 Damian Tunnel\nMurrayhaven, HI 61442-6763', '70635 Conroy Port Suite 993\nNew Andres, TX 92282', 949);
INSERT INTO `ride_request` (`Request_ID`, `Pickup_Location`, `Dropoff_Location`, `Passenger_ID`) VALUES (4728819, '33295 Noelia Stream Apt. 662\nBettebury, LA 23745-9982', '8094 Strosin Alley Apt. 512\nSaraiton, AL 82231', 730);
INSERT INTO `ride_request` (`Request_ID`, `Pickup_Location`, `Dropoff_Location`, `Passenger_ID`) VALUES (4996891, '43022 Coralie Mission\nNew Alba, TN 26059', '930 Simeon Passage Suite 579\nNorth Allene, MA 10366', 430);
INSERT INTO `ride_request` (`Request_ID`, `Pickup_Location`, `Dropoff_Location`, `Passenger_ID`) VALUES (5027785, '52200 Collier Court Suite 727\nWilliamsonport, PA 07598-1342', '441 Keeling Rest Apt. 845\nHuelbury, IL 51905-8215', 495);
INSERT INTO `ride_request` (`Request_ID`, `Pickup_Location`, `Dropoff_Location`, `Passenger_ID`) VALUES (5055529, '4355 Kirk Harbors Apt. 886\nLake Harrisonville, MS 92087-3063', '7650 Grant Gardens Apt. 741\nCroninborough, OR 69108', 619);
INSERT INTO `ride_request` (`Request_ID`, `Pickup_Location`, `Dropoff_Location`, `Passenger_ID`) VALUES (5116018, '6912 Runolfsdottir Views\nHarveyland, HI 75244-1416', '4845 Sherman Forks Suite 458\nFarrellland, DC 28321', 76);
INSERT INTO `ride_request` (`Request_ID`, `Pickup_Location`, `Dropoff_Location`, `Passenger_ID`) VALUES (5396126, '2180 Nelle Ways\nParkerbury, NH 19116-0065', '4868 Skylar Mission Suite 603\nEast Abbie, KS 46483', 374);
INSERT INTO `ride_request` (`Request_ID`, `Pickup_Location`, `Dropoff_Location`, `Passenger_ID`) VALUES (5421459, '23837 Welch Point\nNew Carmella, VT 13503-6732', '616 Elda Walk Suite 082\nNew Dawn, SD 89154-3401', 768);
INSERT INTO `ride_request` (`Request_ID`, `Pickup_Location`, `Dropoff_Location`, `Passenger_ID`) VALUES (5434729, '342 Shayna Vista\nWest Ashlyside, MS 41776', '5614 Windler Island Apt. 933\nAlexandromouth, ID 99954', 705);
INSERT INTO `ride_request` (`Request_ID`, `Pickup_Location`, `Dropoff_Location`, `Passenger_ID`) VALUES (5643692, '86435 Sarina Spur\nKeeblerton, AL 57907', '675 Stracke Summit\nWest Luis, MT 02911', 452);
INSERT INTO `ride_request` (`Request_ID`, `Pickup_Location`, `Dropoff_Location`, `Passenger_ID`) VALUES (5676367, '576 Arlie Camp\nWest Ephraimmouth, AK 65600-6245', '5158 Breitenberg Avenue\nPort Rubie, SC 39326-6088', 954);
INSERT INTO `ride_request` (`Request_ID`, `Pickup_Location`, `Dropoff_Location`, `Passenger_ID`) VALUES (5800672, '834 Lue Manors Apt. 244\nTaylorfort, RI 42688', '41825 Powlowski Street Suite 772\nNorth Kiera, ME 67453', 47);
INSERT INTO `ride_request` (`Request_ID`, `Pickup_Location`, `Dropoff_Location`, `Passenger_ID`) VALUES (5870666, '0668 Sage Fork\nZemlakview, NC 03654-0833', '257 Vesta Squares Suite 306\nPort Vaughnfort, ID 23117-4247', 81);
INSERT INTO `ride_request` (`Request_ID`, `Pickup_Location`, `Dropoff_Location`, `Passenger_ID`) VALUES (6202511, '431 Heller Corner Apt. 233\nNew Kennedi, CA 74401-1061', '1665 Hilario Brooks\nO\'Reillymouth, NE 75981-7892', 655);
INSERT INTO `ride_request` (`Request_ID`, `Pickup_Location`, `Dropoff_Location`, `Passenger_ID`) VALUES (6376701, '8509 Bruen Motorway\nLake Horaceville, ME 00403', '92507 Ebba Meadows Apt. 277\nRoobburgh, TN 07638', 246);
INSERT INTO `ride_request` (`Request_ID`, `Pickup_Location`, `Dropoff_Location`, `Passenger_ID`) VALUES (6382752, '5204 Karl Place Apt. 116\nNorth Melliemouth, IA 80727-9752', '179 Hauck Curve\nRonnyberg, MT 85616', 98);
INSERT INTO `ride_request` (`Request_ID`, `Pickup_Location`, `Dropoff_Location`, `Passenger_ID`) VALUES (6457120, '9401 Leffler Fords\nDanielshire, SD 05132-4015', '545 Schaefer Crescent\nNorth Bethview, FL 18530-1538', 432);
INSERT INTO `ride_request` (`Request_ID`, `Pickup_Location`, `Dropoff_Location`, `Passenger_ID`) VALUES (6534638, '835 Thalia Park Suite 585\nKutchview, WA 90554', '163 Chance Circle\nPort Eva, AL 64133-0366', 633);
INSERT INTO `ride_request` (`Request_ID`, `Pickup_Location`, `Dropoff_Location`, `Passenger_ID`) VALUES (6645696, '5655 Rolfson Cove\nKirastad, NE 52642-6840', '07492 Stephania Lakes Apt. 712\nLake Dane, CO 62761', 929);
INSERT INTO `ride_request` (`Request_ID`, `Pickup_Location`, `Dropoff_Location`, `Passenger_ID`) VALUES (6824357, '508 Wiza Hills\nJadynside, UT 43412', '1102 Therese Brooks\nMullermouth, MA 47921', 440);
INSERT INTO `ride_request` (`Request_ID`, `Pickup_Location`, `Dropoff_Location`, `Passenger_ID`) VALUES (6832876, '5376 Owen Dam Suite 580\nRachaelland, WV 87646', '6487 Reva Lights Suite 990\nZulauffurt, OK 37528-6659', 710);
INSERT INTO `ride_request` (`Request_ID`, `Pickup_Location`, `Dropoff_Location`, `Passenger_ID`) VALUES (6960416, '783 Jaida Drive Apt. 521\nWest Hilbert, OR 12474', '1321 Riley Spurs\nBogisichbury, MS 40311-1221', 532);
INSERT INTO `ride_request` (`Request_ID`, `Pickup_Location`, `Dropoff_Location`, `Passenger_ID`) VALUES (7278752, '5748 Lockman Stream Suite 472\nClemensfort, SD 35504-5484', '56168 Stiedemann Points Suite 680\nPricefort, CA 34040', 325);
INSERT INTO `ride_request` (`Request_ID`, `Pickup_Location`, `Dropoff_Location`, `Passenger_ID`) VALUES (7325680, '123 Kirlin Groves Suite 696\nO\'Connerland, AK 52355', '098 Lynch Row Apt. 285\nNew Sincere, RI 99503-9569', 845);
INSERT INTO `ride_request` (`Request_ID`, `Pickup_Location`, `Dropoff_Location`, `Passenger_ID`) VALUES (7334119, '5046 Keebler Mountains\nNew Horace, IN 67164-0616', '2690 Johns Mountains\nWest Jakeside, UT 84431', 932);
INSERT INTO `ride_request` (`Request_ID`, `Pickup_Location`, `Dropoff_Location`, `Passenger_ID`) VALUES (7357807, '51791 Dwight Locks\nNew Della, NE 66853', '33211 Isaias Shoals\nLake Destineymouth, FL 72492', 467);
INSERT INTO `ride_request` (`Request_ID`, `Pickup_Location`, `Dropoff_Location`, `Passenger_ID`) VALUES (7512199, '49044 Claudine Shoal Apt. 696\nJarodfort, NV 60526-1892', '5470 Ayana Drive Suite 595\nEast Ginoshire, ND 02722', 690);
INSERT INTO `ride_request` (`Request_ID`, `Pickup_Location`, `Dropoff_Location`, `Passenger_ID`) VALUES (7779961, '3912 Fisher Landing\nPort Emmieberg, DC 47390-5347', '35245 Beier Ramp Apt. 813\nNew Yessenia, WV 69870-1672', 26);
INSERT INTO `ride_request` (`Request_ID`, `Pickup_Location`, `Dropoff_Location`, `Passenger_ID`) VALUES (7827024, '266 Hegmann Prairie Apt. 395\nEast Norbertoview, AK 77479-4836', '245 Kattie Avenue Suite 631\nNew Doris, ME 70238', 940);
INSERT INTO `ride_request` (`Request_ID`, `Pickup_Location`, `Dropoff_Location`, `Passenger_ID`) VALUES (7912239, '5747 Larson Plains Apt. 964\nNew Clay, VA 03430-4821', '7365 Dietrich Camp\nEileenfurt, WA 17929-9812', 175);
INSERT INTO `ride_request` (`Request_ID`, `Pickup_Location`, `Dropoff_Location`, `Passenger_ID`) VALUES (7944510, '6006 Berta Springs\nLandenfurt, DE 61840', '56062 Erdman Forks Suite 834\nAureliahaven, PA 92623-5330', 282);
INSERT INTO `ride_request` (`Request_ID`, `Pickup_Location`, `Dropoff_Location`, `Passenger_ID`) VALUES (8001057, '328 Daugherty Corners\nEast Xzavier, NC 44291', '4153 Thurman Road Suite 880\nElvisberg, MD 93812', 752);
INSERT INTO `ride_request` (`Request_ID`, `Pickup_Location`, `Dropoff_Location`, `Passenger_ID`) VALUES (8051471, '3337 Jacobs Union Suite 394\nDeckowfurt, ME 92661-6237', '5779 Rutherford Bridge Suite 235\nNew Mayra, GA 13057-6254', 99);
INSERT INTO `ride_request` (`Request_ID`, `Pickup_Location`, `Dropoff_Location`, `Passenger_ID`) VALUES (8076010, '705 Kaela Glen Apt. 871\nKenyaberg, NE 00010-1253', '687 Patience Square Apt. 644\nEvanburgh, NH 05592', 696);
INSERT INTO `ride_request` (`Request_ID`, `Pickup_Location`, `Dropoff_Location`, `Passenger_ID`) VALUES (8273005, '7286 Miller Mission\nRaynorbury, AK 89960-3479', '741 Hansen Dale\nColeville, VA 72934', 980);
INSERT INTO `ride_request` (`Request_ID`, `Pickup_Location`, `Dropoff_Location`, `Passenger_ID`) VALUES (8348046, '120 Dagmar Union\nConnburgh, AZ 51363-8952', '37597 Gaylord Lock\nTalonview, ID 05393', 833);
INSERT INTO `ride_request` (`Request_ID`, `Pickup_Location`, `Dropoff_Location`, `Passenger_ID`) VALUES (8494263, '1877 Gilda Wells Apt. 479\nHoppeberg, FL 31778-3315', '403 Braun Points\nEusebiofurt, WI 35343-3034', 193);
INSERT INTO `ride_request` (`Request_ID`, `Pickup_Location`, `Dropoff_Location`, `Passenger_ID`) VALUES (8633709, '903 Antwon Plaza Suite 031\nNorth Rylanbury, ME 25917-0081', '0343 Shany Meadow Apt. 686\nEast Jaleelfort, CO 09607-6783', 803);
INSERT INTO `ride_request` (`Request_ID`, `Pickup_Location`, `Dropoff_Location`, `Passenger_ID`) VALUES (8677406, '97580 Friedrich Valley Apt. 601\nNorth Carolestad, IN 73397-8969', '46752 Williamson Lodge Apt. 095\nDaremouth, TX 77701-2265', 571);
INSERT INTO `ride_request` (`Request_ID`, `Pickup_Location`, `Dropoff_Location`, `Passenger_ID`) VALUES (8714900, '38181 Nannie Field\nWest Theresiaville, IN 85154', '49591 Rowe Fork Apt. 646\nTurcotteburgh, VA 35124-1948', 462);
INSERT INTO `ride_request` (`Request_ID`, `Pickup_Location`, `Dropoff_Location`, `Passenger_ID`) VALUES (8767352, '506 Amanda Locks\nEdwardview, ME 36538-6938', '7067 Lottie Turnpike Apt. 735\nEast Dellland, IL 63870', 27);
INSERT INTO `ride_request` (`Request_ID`, `Pickup_Location`, `Dropoff_Location`, `Passenger_ID`) VALUES (8823728, '34062 Mohr Mission\nPort Scarlettfort, MN 86610-6622', '197 Collins Lake\nWindlertown, AZ 94670-1958', 270);
INSERT INTO `ride_request` (`Request_ID`, `Pickup_Location`, `Dropoff_Location`, `Passenger_ID`) VALUES (8861720, '659 Isobel Forks\nSouth Shemarburgh, WV 58899-4572', '34599 Braun Mount\nLubowitzfort, CT 84721-4992', 85);
INSERT INTO `ride_request` (`Request_ID`, `Pickup_Location`, `Dropoff_Location`, `Passenger_ID`) VALUES (9082580, '1336 Gilbert Road Apt. 200\nBoyerborough, RI 15079-8140', '9228 Lesly Trafficway Apt. 885\nVincentshire, VA 57212-8497', 796);
INSERT INTO `ride_request` (`Request_ID`, `Pickup_Location`, `Dropoff_Location`, `Passenger_ID`) VALUES (9338909, '11934 Kirlin Junction\nNorth Joellefurt, DC 57980-9745', '797 Brandyn Plains\nStreichfort, MT 16414-5844', 17);
INSERT INTO `ride_request` (`Request_ID`, `Pickup_Location`, `Dropoff_Location`, `Passenger_ID`) VALUES (9345501, '40949 Idella Crossing Apt. 875\nBodemouth, VT 54131-3805', '32416 Lesch Hill\nMichellemouth, VT 04683', 188);
INSERT INTO `ride_request` (`Request_ID`, `Pickup_Location`, `Dropoff_Location`, `Passenger_ID`) VALUES (9365093, '48644 Clarissa Ford\nAndersonview, NY 64133', '9810 Ambrose Pike\nSouth Josemouth, OR 35183', 832);
INSERT INTO `ride_request` (`Request_ID`, `Pickup_Location`, `Dropoff_Location`, `Passenger_ID`) VALUES (9375277, '3356 Nelson Crossroad Apt. 856\nLake Myrtis, DE 69871', '9852 Yessenia Turnpike Suite 610\nEast Destinburgh, IN 54739-7061', 399);
INSERT INTO `ride_request` (`Request_ID`, `Pickup_Location`, `Dropoff_Location`, `Passenger_ID`) VALUES (9384683, '509 Fisher Haven\nPort Natalia, LA 75664', '05059 Reinger Road\nAmberchester, RI 81718-7663', 434);
INSERT INTO `ride_request` (`Request_ID`, `Pickup_Location`, `Dropoff_Location`, `Passenger_ID`) VALUES (9480162, '8140 DuBuque Mountains\nFritzfurt, VT 21209', '9943 Rod Stream Apt. 438\nPort Hubertshire, CA 00627-5378', 644);
INSERT INTO `ride_request` (`Request_ID`, `Pickup_Location`, `Dropoff_Location`, `Passenger_ID`) VALUES (9513266, '52309 Luisa Highway\nKellieburgh, IL 49695', '4240 Krystina Mill\nKshlerinmouth, MN 73991-4687', 426);
INSERT INTO `ride_request` (`Request_ID`, `Pickup_Location`, `Dropoff_Location`, `Passenger_ID`) VALUES (9582099, '197 Herman Bridge Suite 273\nWest Luciebury, IN 43388', '79350 Danielle Orchard\nHermannchester, RI 94984', 668);
INSERT INTO `ride_request` (`Request_ID`, `Pickup_Location`, `Dropoff_Location`, `Passenger_ID`) VALUES (9938574, '37517 Smith Keys Apt. 827\nCorkeryburgh, UT 80130', '0673 Ismael Crescent\nLindville, FL 18202-9629', 93);
INSERT INTO `ride_request` (`Request_ID`, `Pickup_Location`, `Dropoff_Location`, `Passenger_ID`) VALUES (10500699, '3849 Schuster Mount\nHaleyville, AZ 65698-7155', '86211 Ernser Terrace Suite 835\nMelvinborough, MA 02750', 886);
INSERT INTO `ride_request` (`Request_ID`, `Pickup_Location`, `Dropoff_Location`, `Passenger_ID`) VALUES (11094321, '89677 Sawayn Village Apt. 100\nHackettfort, ME 21351', '6167 Willms Knoll Apt. 785\nPort Herminio, AR 90939-7018', 386);
INSERT INTO `ride_request` (`Request_ID`, `Pickup_Location`, `Dropoff_Location`, `Passenger_ID`) VALUES (11164665, '9675 VonRueden Hill\nArmstrongport, MN 01939', '24922 Witting Road\nPort Samarastad, SD 02113', 865);
INSERT INTO `ride_request` (`Request_ID`, `Pickup_Location`, `Dropoff_Location`, `Passenger_ID`) VALUES (11849636, '1447 Swift Cove Apt. 851\nMayebury, CA 96757-6644', '486 Hamill Island\nWest Crystalberg, NY 94668', 987);
INSERT INTO `ride_request` (`Request_ID`, `Pickup_Location`, `Dropoff_Location`, `Passenger_ID`) VALUES (12959274, '595 Beier Island\nWest Feliciaport, ND 20954', '961 Fisher Burg Apt. 108\nLake Bradton, WI 47327-1761', 197);
INSERT INTO `ride_request` (`Request_ID`, `Pickup_Location`, `Dropoff_Location`, `Passenger_ID`) VALUES (16141786, '48062 Alexa Neck Suite 735\nEllsworthstad, AZ 87020-6443', '5891 O\'Connell Valleys\nBinsport, MD 35016', 908);
INSERT INTO `ride_request` (`Request_ID`, `Pickup_Location`, `Dropoff_Location`, `Passenger_ID`) VALUES (19707293, '350 Bernhard Views\nEast Darby, AZ 09825', '3468 Aletha Station Suite 275\nEast Nyah, AR 38808-6605', 557);
INSERT INTO `ride_request` (`Request_ID`, `Pickup_Location`, `Dropoff_Location`, `Passenger_ID`) VALUES (33735207, '0277 Marley Square\nPort Thomas, CA 23282', '35895 Mozell Lake Suite 870\nWest Rosettashire, AK 10281-4205', 35);
INSERT INTO `ride_request` (`Request_ID`, `Pickup_Location`, `Dropoff_Location`, `Passenger_ID`) VALUES (37096384, '942 Yost Vista\nElysefurt, VT 35422', '999 Karelle Streets Suite 819\nKuhicfurt, AR 13223-2318', 455);
INSERT INTO `ride_request` (`Request_ID`, `Pickup_Location`, `Dropoff_Location`, `Passenger_ID`) VALUES (40487468, '722 Wisozk Fork Apt. 527\nNorth Marlon, MD 16413', '867 Monahan Causeway Suite 955\nLueilwitzhaven, MN 94263-7727', 481);
INSERT INTO `ride_request` (`Request_ID`, `Pickup_Location`, `Dropoff_Location`, `Passenger_ID`) VALUES (41416272, '191 Corrine Islands Apt. 025\nWalkerstad, NE 30222', '418 Ubaldo Park Apt. 399\nNew Jaidenmouth, IA 18577', 310);
INSERT INTO `ride_request` (`Request_ID`, `Pickup_Location`, `Dropoff_Location`, `Passenger_ID`) VALUES (47353153, '42852 Jannie Rest\nWest Madison, FL 01344-6496', '6403 Klein Port Suite 187\nWestberg, IN 54773-1772', 214);
INSERT INTO `ride_request` (`Request_ID`, `Pickup_Location`, `Dropoff_Location`, `Passenger_ID`) VALUES (58619989, '9749 Nash Fork\nLake Lailatown, HI 25686', '841 Eloisa Village\nSouth Gaston, GA 40763-6888', 128);
INSERT INTO `ride_request` (`Request_ID`, `Pickup_Location`, `Dropoff_Location`, `Passenger_ID`) VALUES (76690019, '998 Myra Forks Apt. 598\nDuanebury, OR 27148', '511 Pfeffer Loop\nPatienceberg, OK 27940', 415);
INSERT INTO `ride_request` (`Request_ID`, `Pickup_Location`, `Dropoff_Location`, `Passenger_ID`) VALUES (78584235, '179 Santiago Mission\nLetitiastad, NJ 26087', '79895 Schmeler Crossing\nEast Kacie, TX 32270-5903', 394);
INSERT INTO `ride_request` (`Request_ID`, `Pickup_Location`, `Dropoff_Location`, `Passenger_ID`) VALUES (111314313, '49710 Grace Trail Apt. 208\nDaphneeburgh, ME 86172-9277', '7823 Shakira Mews Suite 329\nCarterberg, NM 87666-7851', 232);
INSERT INTO `ride_request` (`Request_ID`, `Pickup_Location`, `Dropoff_Location`, `Passenger_ID`) VALUES (266336150, '15456 Legros Highway Suite 452\nEast Sebastian, LA 27153', '02804 Ward Viaduct\nWest Ricoton, OK 92545', 354);
INSERT INTO `ride_request` (`Request_ID`, `Pickup_Location`, `Dropoff_Location`, `Passenger_ID`) VALUES (456102558, '409 Esperanza Meadows\nLemketon, CA 30347', '412 Altenwerth Grove Suite 713\nMertzbury, FL 86589', 293);
INSERT INTO `ride_request` (`Request_ID`, `Pickup_Location`, `Dropoff_Location`, `Passenger_ID`) VALUES (486523670, '24185 Royal Drive Suite 709\nNew Hermannstad, MT 91771', '90048 Marisol Rest\nPort Filiberto, AK 75440-4456', 743);
INSERT INTO `ride_request` (`Request_ID`, `Pickup_Location`, `Dropoff_Location`, `Passenger_ID`) VALUES (646744636, '821 Maurine Center Suite 475\nHeathcotemouth, MI 70776', '715 Quigley Village Apt. 212\nPort Eviemouth, ND 27677', 723);
INSERT INTO `ride_request` (`Request_ID`, `Pickup_Location`, `Dropoff_Location`, `Passenger_ID`) VALUES (767176261, '43104 Cindy Avenue\nIvabury, CA 65702-1006', '87797 Gudrun Lock Apt. 638\nWhiteland, NJ 22705-9383', 701);



SELECT * FROM call_a_cab.ride_request;

--
-- Dumping events for database 'call_a_cab'
--

--
-- Dumping routines for database 'call_a_cab'
--
/*!40103 SET TIME_ZONE=@OLD_TIME_ZONE */;

/*!40101 SET SQL_MODE=@OLD_SQL_MODE */;
/*!40014 SET FOREIGN_KEY_CHECKS=@OLD_FOREIGN_KEY_CHECKS */;
/*!40014 SET UNIQUE_CHECKS=@OLD_UNIQUE_CHECKS */;
/*!40101 SET CHARACTER_SET_CLIENT=@OLD_CHARACTER_SET_CLIENT */;
/*!40101 SET CHARACTER_SET_RESULTS=@OLD_CHARACTER_SET_RESULTS */;
/*!40101 SET COLLATION_CONNECTION=@OLD_COLLATION_CONNECTION */;
/*!40111 SET SQL_NOTES=@OLD_SQL_NOTES */;


